p,time,mean,std,parity
0.0,0,1.24,0.0,-14500.0
0.0,1,1.215,0.0,-14620.0
0.0,2,1.195,0.0,-14740.0
0.0,3,1.16,0.0,-14860.0
0.0,4,1.09,0.0,-14960.0
0.0,5,1.05,0.0,-15080.0
0.0,6,0.99,0.0,-15440.0
0.0,7,0.965,0.0,-15560.0
0.0,8,0.925,0.0,-15900.0
0.0,9,0.885,0.0,-16200.0
0.0,10,0.85,0.0,-16440.0
0.0,11,0.83,0.0,-16420.0
0.0,12,0.81,0.0,-16540.0
0.0,13,0.775,0.0,-16860.0
0.0,14,0.765,0.0,-16860.0
0.0,15,0.755,0.0,-16860.0
0.0,16,0.73,0.0,-16860.0
0.0,17,0.695,0.0,-16980.0
0.0,18,0.665,0.0,-16980.0
0.0,19,0.65,0.0,-16980.0
0.0,20,0.635,0.0,-17200.0
0.0,21,0.625,0.0,-17320.0
0.0,22,0.6,0.0,-17540.0
0.0,23,0.595,0.0,-17540.0
0.0,24,0.59,0.0,-17540.0
0.0,25,0.59,0.0,-17540.0
0.0,26,0.57,0.0,-17540.0
0.0,27,0.555,0.0,-17540.0
0.0,28,0.555,0.0,-17540.0
0.0,29,0.545,0.0,-17660.0
0.0,30,0.535,0.0,-17660.0
0.0,31,0.535,0.0,-17660.0
0.0,32,0.53,0.0,-17660.0
0.0,33,0.515,0.0,-17660.0
0.0,34,0.505,0.0,-17660.0
0.0,35,0.5,0.0,-17760.0
0.0,36,0.49,0.0,-17880.0
0.0,37,0.48,0.0,-18100.0
0.0,38,0.47,0.0,-18100.0
0.0,39,0.46,0.0,-18100.0
0.0,40,0.45,0.0,-18220.0
0.0,41,0.44,0.0,-18320.0
0.0,42,0.43,0.0,-18320.0
0.0,43,0.43,0.0,-18320.0
0.0,44,0.425,0.0,-18320.0
0.0,45,0.415,0.0,-18320.0
0.0,46,0.41,0.0,-18320.0
0.0,47,0.41,0.0,-18320.0
0.0,48,0.4,0.0,-18320.0
0.0,49,0.4,0.0,-18320.0
0.0,50,0.395,0.0,-18300.0
0.0,51,0.39,0.0,-18300.0
0.0,52,0.385,0.0,-18300.0
0.0,53,0.385,0.0,-18300.0
0.0,54,0.385,0.0,-18300.0
0.0,55,0.38,0.0,-18300.0
0.0,56,0.38,0.0,-18300.0
0.0,57,0.375,0.0,-18420.0
0.0,58,0.37,0.0,-18520.0
0.0,59,0.365,0.0,-18520.0
0.0,60,0.355,0.0,-18520.0
0.0,61,0.35,0.0,-18520.0
0.0,62,0.345,0.0,-18520.0
0.0,63,0.34,0.0,-18520.0
0.0,64,0.34,0.0,-18520.0
0.0,65,0.34,0.0,-18520.0
0.0,66,0.34,0.0,-18520.0
0.0,67,0.34,0.0,-18520.0
0.0,68,0.34,0.0,-18520.0
0.0,69,0.335,0.0,-18520.0
0.0,70,0.335,0.0,-18520.0
0.0,71,0.335,0.0,-18520.0
0.0,72,0.335,0.0,-18520.0
0.0,73,0.325,0.0,-18620.0
0.0,74,0.325,0.0,-18620.0
0.0,75,0.325,0.0,-18620.0
0.0,76,0.325,0.0,-18620.0
0.0,77,0.325,0.0,-18620.0
0.0,78,0.325,0.0,-18620.0
0.0,79,0.325,0.0,-18620.0
0.0,80,0.325,0.0,-18620.0
0.0,81,0.325,0.0,-18620.0
0.0,82,0.325,0.0,-18620.0
0.0,83,0.325,0.0,-18620.0
0.0,84,0.32,0.0,-18720.0
0.0,85,0.32,0.0,-18720.0
0.0,86,0.315,0.0,-18720.0
0.0,87,0.315,0.0,-18720.0
0.0,88,0.305,0.0,-18720.0
0.0,89,0.295,0.0,-18840.0
0.0,90,0.295,0.0,-18840.0
0.0,91,0.295,0.0,-18840.0
0.0,92,0.295,0.0,-18840.0
0.0,93,0.29,0.0,-18840.0
0.0,94,0.29,0.0,-18840.0
0.0,95,0.29,0.0,-18840.0
0.0,96,0.29,0.0,-18840.0
0.0,97,0.285,0.0,-18840.0
0.0,98,0.285,0.0,-18840.0
0.0,99,0.285,0.0,-18840.0
0.0,100,0.285,0.0,-18840.0
0.0,101,0.285,0.0,-18840.0
0.0,102,0.285,0.0,-18840.0
0.0,103,0.285,0.0,-18840.0
0.0,104,0.285,0.0,-18840.0
0.0,105,0.28,0.0,-18840.0
0.0,106,0.275,0.0,-18840.0
0.0,107,0.275,0.0,-18840.0
0.0,108,0.27,0.0,-18840.0
0.0,109,0.265,0.0,-18840.0
0.0,110,0.265,0.0,-18840.0
0.0,111,0.26,0.0,-18840.0
0.0,112,0.26,0.0,-18840.0
0.0,113,0.255,0.0,-18840.0
0.0,114,0.255,0.0,-18840.0
0.0,115,0.25,0.0,-18840.0
0.0,116,0.25,0.0,-18840.0
0.0,117,0.25,0.0,-18840.0
0.0,118,0.245,0.0,-18940.0
0.0,119,0.245,0.0,-18940.0
0.0,120,0.24,0.0,-19040.0
0.0,121,0.24,0.0,-19040.0
0.0,122,0.235,0.0,-19140.0
0.0,123,0.23,0.0,-19140.0
0.0,124,0.23,0.0,-19140.0
0.0,125,0.23,0.0,-19140.0
0.0,126,0.23,0.0,-19140.0
0.0,127,0.23,0.0,-19140.0
0.0,128,0.23,0.0,-19140.0
0.0,129,0.225,0.0,-19140.0
0.0,130,0.225,0.0,-19140.0
0.0,131,0.22,0.0,-19140.0
0.0,132,0.22,0.0,-19140.0
0.0,133,0.22,0.0,-19140.0
0.0,134,0.22,0.0,-19140.0
0.0,135,0.22,0.0,-19140.0
0.0,136,0.22,0.0,-19140.0
0.0,137,0.22,0.0,-19140.0
0.0,138,0.22,0.0,-19140.0
0.0,139,0.22,0.0,-19140.0
0.0,140,0.215,0.0,-19260.0
0.0,141,0.215,0.0,-19260.0
0.0,142,0.215,0.0,-19260.0
0.0,143,0.215,0.0,-19260.0
0.0,144,0.215,0.0,-19260.0
0.0,145,0.215,0.0,-19260.0
0.0,146,0.215,0.0,-19260.0
0.0,147,0.215,0.0,-19260.0
0.0,148,0.215,0.0,-19260.0
0.0,149,0.215,0.0,-19260.0
0.0,150,0.215,0.0,-19260.0
0.0,151,0.215,0.0,-19260.0
0.0,152,0.215,0.0,-19260.0
0.0,153,0.215,0.0,-19260.0
0.0,154,0.215,0.0,-19260.0
0.0,155,0.215,0.0,-19260.0
0.0,156,0.215,0.0,-19260.0
0.0,157,0.215,0.0,-19260.0
0.0,158,0.215,0.0,-19260.0
0.0,159,0.215,0.0,-19260.0
0.0,160,0.215,0.0,-19260.0
0.0,161,0.215,0.0,-19260.0
0.0,162,0.21,0.0,-19360.0
0.0,163,0.21,0.0,-19360.0
0.0,164,0.21,0.0,-19360.0
0.0,165,0.21,0.0,-19360.0
0.0,166,0.21,0.0,-19360.0
0.0,167,0.21,0.0,-19360.0
0.0,168,0.21,0.0,-19360.0
0.0,169,0.21,0.0,-19360.0
0.0,170,0.205,0.0,-19360.0
0.0,171,0.205,0.0,-19360.0
0.0,172,0.205,0.0,-19360.0
0.0,173,0.205,0.0,-19360.0
0.0,174,0.205,0.0,-19360.0
0.0,175,0.205,0.0,-19360.0
0.0,176,0.205,0.0,-19360.0
0.0,177,0.205,0.0,-19360.0
0.0,178,0.205,0.0,-19360.0
0.0,179,0.205,0.0,-19360.0
0.0,180,0.205,0.0,-19360.0
0.0,181,0.205,0.0,-19360.0
0.0,182,0.205,0.0,-19360.0
0.0,183,0.205,0.0,-19360.0
0.0,184,0.205,0.0,-19360.0
0.0,185,0.205,0.0,-19360.0
0.0,186,0.205,0.0,-19360.0
0.0,187,0.205,0.0,-19360.0
0.0,188,0.205,0.0,-19360.0
0.0,189,0.2,0.0,-19360.0
0.0,190,0.2,0.0,-19360.0
0.0,191,0.2,0.0,-19360.0
0.0,192,0.2,0.0,-19360.0
0.0,193,0.2,0.0,-19360.0
0.0,194,0.2,0.0,-19360.0
0.0,195,0.2,0.0,-19360.0
0.0,196,0.2,0.0,-19360.0
0.0,197,0.2,0.0,-19360.0
0.0,198,0.2,0.0,-19360.0
0.0,199,0.2,0.0,-19360.0
0.0,200,0.195,0.0,-19360.0
0.0,201,0.19,0.0,-19360.0
0.0,202,0.19,0.0,-19360.0
0.0,203,0.19,0.0,-19360.0
0.0,204,0.19,0.0,-19360.0
0.0,205,0.19,0.0,-19360.0
0.0,206,0.19,0.0,-19360.0
0.0,207,0.185,0.0,-19360.0
0.0,208,0.18,0.0,-19360.0
0.0,209,0.18,0.0,-19360.0
0.0,210,0.18,0.0,-19360.0
0.0,211,0.175,0.0,-19360.0
0.0,212,0.175,0.0,-19360.0
0.0,213,0.175,0.0,-19360.0
0.0,214,0.175,0.0,-19360.0
0.0,215,0.175,0.0,-19360.0
0.0,216,0.175,0.0,-19360.0
0.0,217,0.175,0.0,-19360.0
0.0,218,0.175,0.0,-19360.0
0.0,219,0.175,0.0,-19360.0
0.0,220,0.17,0.0,-19360.0
0.0,221,0.17,0.0,-19360.0
0.0,222,0.17,0.0,-19360.0
0.0,223,0.17,0.0,-19360.0
0.0,224,0.17,0.0,-19360.0
0.0,225,0.17,0.0,-19360.0
0.0,226,0.17,0.0,-19360.0
0.0,227,0.17,0.0,-19360.0
0.0,228,0.17,0.0,-19360.0
0.0,229,0.17,0.0,-19360.0
0.0,230,0.17,0.0,-19360.0
0.0,231,0.17,0.0,-19360.0
0.0,232,0.17,0.0,-19360.0
0.0,233,0.17,0.0,-19360.0
0.0,234,0.165,0.0,-19360.0
0.0,235,0.165,0.0,-19360.0
0.0,236,0.165,0.0,-19360.0
0.0,237,0.165,0.0,-19360.0
0.0,238,0.165,0.0,-19360.0
0.0,239,0.165,0.0,-19360.0
0.0,240,0.165,0.0,-19360.0
0.0,241,0.165,0.0,-19360.0
0.0,242,0.165,0.0,-19360.0
0.0,243,0.165,0.0,-19360.0
0.0,244,0.165,0.0,-19360.0
0.0,245,0.165,0.0,-19360.0
0.0,246,0.165,0.0,-19360.0
0.0,247,0.165,0.0,-19360.0
0.0,248,0.165,0.0,-19360.0
0.0,249,0.165,0.0,-19360.0
0.0,250,0.165,0.0,-19360.0
0.0,251,0.165,0.0,-19360.0
0.0,252,0.165,0.0,-19360.0
0.0,253,0.165,0.0,-19360.0
0.0,254,0.165,0.0,-19360.0
0.0,255,0.165,0.0,-19360.0
0.0,256,0.165,0.0,-19360.0
0.0,257,0.165,0.0,-19360.0
0.0,258,0.165,0.0,-19360.0
0.0,259,0.165,0.0,-19360.0
0.0,260,0.165,0.0,-19360.0
0.0,261,0.16,0.0,-19460.0
0.0,262,0.16,0.0,-19460.0
0.0,263,0.16,0.0,-19460.0
0.0,264,0.16,0.0,-19460.0
0.0,265,0.16,0.0,-19460.0
0.0,266,0.16,0.0,-19460.0
0.0,267,0.155,0.0,-19460.0
0.0,268,0.155,0.0,-19460.0
0.0,269,0.155,0.0,-19460.0
0.0,270,0.155,0.0,-19460.0
0.0,271,0.155,0.0,-19460.0
0.0,272,0.155,0.0,-19460.0
0.0,273,0.155,0.0,-19460.0
0.0,274,0.155,0.0,-19460.0
0.0,275,0.155,0.0,-19460.0
0.0,276,0.155,0.0,-19460.0
0.0,277,0.155,0.0,-19460.0
0.0,278,0.15,0.0,-19460.0
0.0,279,0.15,0.0,-19460.0
0.0,280,0.15,0.0,-19460.0
0.0,281,0.15,0.0,-19460.0
0.0,282,0.15,0.0,-19460.0
0.0,283,0.15,0.0,-19460.0
0.0,284,0.15,0.0,-19460.0
0.0,285,0.15,0.0,-19460.0
0.0,286,0.15,0.0,-19460.0
0.0,287,0.15,0.0,-19460.0
0.0,288,0.15,0.0,-19460.0
0.0,289,0.15,0.0,-19460.0
0.0,290,0.15,0.0,-19460.0
0.0,291,0.15,0.0,-19460.0
0.0,292,0.15,0.0,-19460.0
0.0,293,0.15,0.0,-19460.0
0.0,294,0.15,0.0,-19460.0
0.0,295,0.15,0.0,-19460.0
0.0,296,0.15,0.0,-19460.0
0.0,297,0.15,0.0,-19460.0
0.0,298,0.15,0.0,-19460.0
0.0,299,0.15,0.0,-19460.0
0.0,300,0.15,0.0,-19460.0
0.0,301,0.15,0.0,-19460.0
0.0,302,0.15,0.0,-19460.0
0.0,303,0.145,0.0,-19460.0
0.0,304,0.145,0.0,-19460.0
0.0,305,0.145,0.0,-19460.0
0.0,306,0.145,0.0,-19460.0
0.0,307,0.14,0.0,-19460.0
0.0,308,0.14,0.0,-19460.0
0.0,309,0.14,0.0,-19460.0
0.0,310,0.14,0.0,-19460.0
0.0,311,0.14,0.0,-19460.0
0.0,312,0.14,0.0,-19460.0
0.0,313,0.14,0.0,-19460.0
0.0,314,0.14,0.0,-19460.0
0.0,315,0.14,0.0,-19460.0
0.0,316,0.14,0.0,-19460.0
0.0,317,0.14,0.0,-19460.0
0.0,318,0.14,0.0,-19460.0
0.0,319,0.14,0.0,-19460.0
0.0,320,0.14,0.0,-19460.0
0.0,321,0.14,0.0,-19460.0
0.0,322,0.14,0.0,-19460.0
0.0,323,0.14,0.0,-19460.0
0.0,324,0.14,0.0,-19460.0
0.0,325,0.14,0.0,-19460.0
0.0,326,0.14,0.0,-19460.0
0.0,327,0.14,0.0,-19460.0
0.0,328,0.14,0.0,-19460.0
0.0,329,0.14,0.0,-19460.0
0.0,330,0.14,0.0,-19460.0
0.0,331,0.14,0.0,-19460.0
0.0,332,0.14,0.0,-19460.0
0.0,333,0.14,0.0,-19460.0
0.0,334,0.14,0.0,-19460.0
0.0,335,0.14,0.0,-19460.0
0.0,336,0.14,0.0,-19460.0
0.0,337,0.14,0.0,-19460.0
0.0,338,0.14,0.0,-19460.0
0.0,339,0.14,0.0,-19460.0
0.0,340,0.14,0.0,-19460.0
0.0,341,0.14,0.0,-19460.0
0.0,342,0.14,0.0,-19460.0
0.0,343,0.14,0.0,-19460.0
0.0,344,0.14,0.0,-19460.0
0.0,345,0.14,0.0,-19460.0
0.0,346,0.14,0.0,-19460.0
0.0,347,0.14,0.0,-19460.0
0.0,348,0.14,0.0,-19460.0
0.0,349,0.14,0.0,-19460.0
0.0,350,0.14,0.0,-19460.0
0.0,351,0.14,0.0,-19460.0
0.0,352,0.14,0.0,-19460.0
0.0,353,0.14,0.0,-19460.0
0.0,354,0.14,0.0,-19460.0
0.0,355,0.14,0.0,-19460.0
0.0,356,0.14,0.0,-19460.0
0.0,357,0.14,0.0,-19460.0
0.0,358,0.14,0.0,-19460.0
0.0,359,0.14,0.0,-19460.0
0.0,360,0.14,0.0,-19460.0
0.0,361,0.14,0.0,-19460.0
0.0,362,0.14,0.0,-19460.0
0.0,363,0.14,0.0,-19460.0
0.0,364,0.14,0.0,-19460.0
0.0,365,0.14,0.0,-19460.0
0.0,366,0.14,0.0,-19460.0
0.0,367,0.14,0.0,-19460.0
0.0,368,0.14,0.0,-19460.0
0.0,369,0.14,0.0,-19460.0
0.0,370,0.14,0.0,-19460.0
0.0,371,0.14,0.0,-19460.0
0.0,372,0.14,0.0,-19460.0
0.0,373,0.14,0.0,-19460.0
0.0,374,0.14,0.0,-19460.0
0.0,375,0.14,0.0,-19460.0
0.0,376,0.14,0.0,-19460.0
0.0,377,0.14,0.0,-19460.0
0.0,378,0.14,0.0,-19460.0
0.0,379,0.14,0.0,-19460.0
0.0,380,0.14,0.0,-19460.0
0.0,381,0.14,0.0,-19460.0
0.0,382,0.14,0.0,-19460.0
0.0,383,0.14,0.0,-19460.0
0.0,384,0.14,0.0,-19460.0
0.0,385,0.14,0.0,-19460.0
0.0,386,0.14,0.0,-19460.0
0.0,387,0.14,0.0,-19460.0
0.0,388,0.14,0.0,-19460.0
0.0,389,0.14,0.0,-19460.0
0.0,390,0.14,0.0,-19460.0
0.0,391,0.14,0.0,-19460.0
0.0,392,0.14,0.0,-19460.0
0.0,393,0.14,0.0,-19460.0
0.0,394,0.14,0.0,-19460.0
0.0,395,0.14,0.0,-19460.0
0.0,396,0.14,0.0,-19460.0
0.0,397,0.14,0.0,-19460.0
0.0,398,0.14,0.0,-19460.0
0.0,399,0.14,0.0,-19460.0
0.0,400,0.14,0.0,-19460.0
0.0,401,0.14,0.0,-19460.0
0.0,402,0.14,0.0,-19460.0
0.0,403,0.14,0.0,-19460.0
0.0,404,0.14,0.0,-19460.0
0.0,405,0.14,0.0,-19460.0
0.0,406,0.14,0.0,-19460.0
0.0,407,0.14,0.0,-19460.0
0.0,408,0.14,0.0,-19460.0
0.0,409,0.14,0.0,-19460.0
0.0,410,0.14,0.0,-19460.0
0.0,411,0.14,0.0,-19460.0
0.0,412,0.14,0.0,-19460.0
0.0,413,0.14,0.0,-19460.0
0.0,414,0.14,0.0,-19460.0
0.0,415,0.14,0.0,-19460.0
0.0,416,0.14,0.0,-19460.0
0.0,417,0.14,0.0,-19460.0
0.0,418,0.14,0.0,-19460.0
0.0,419,0.14,0.0,-19460.0
0.0,420,0.14,0.0,-19460.0
0.0,421,0.14,0.0,-19460.0
0.0,422,0.14,0.0,-19460.0
0.0,423,0.14,0.0,-19460.0
0.0,424,0.14,0.0,-19460.0
0.0,425,0.14,0.0,-19460.0
0.0,426,0.14,0.0,-19460.0
0.0,427,0.14,0.0,-19460.0
0.0,428,0.14,0.0,-19460.0
0.0,429,0.14,0.0,-19460.0
0.0,430,0.14,0.0,-19460.0
0.0,431,0.14,0.0,-19460.0
0.0,432,0.14,0.0,-19460.0
0.0,433,0.14,0.0,-19460.0
0.0,434,0.14,0.0,-19460.0
0.0,435,0.14,0.0,-19460.0
0.0,436,0.14,0.0,-19460.0
0.0,437,0.14,0.0,-19460.0
0.0,438,0.14,0.0,-19460.0
0.0,439,0.14,0.0,-19460.0
0.0,440,0.14,0.0,-19460.0
0.0,441,0.14,0.0,-19460.0
0.0,442,0.135,0.0,-19460.0
0.0,443,0.135,0.0,-19460.0
0.0,444,0.135,0.0,-19460.0
0.0,445,0.135,0.0,-19460.0
0.0,446,0.13,0.0,-19560.0
0.0,447,0.13,0.0,-19560.0
0.0,448,0.13,0.0,-19560.0
0.0,449,0.13,0.0,-19560.0
0.0,450,0.13,0.0,-19560.0
0.0,451,0.13,0.0,-19560.0
0.0,452,0.13,0.0,-19560.0
0.0,453,0.13,0.0,-19560.0
0.0,454,0.13,0.0,-19560.0
0.0,455,0.13,0.0,-19560.0
0.0,456,0.13,0.0,-19560.0
0.0,457,0.13,0.0,-19560.0
0.0,458,0.13,0.0,-19560.0
0.0,459,0.13,0.0,-19560.0
0.0,460,0.13,0.0,-19560.0
0.0,461,0.13,0.0,-19560.0
0.0,462,0.13,0.0,-19560.0
0.0,463,0.13,0.0,-19560.0
0.0,464,0.13,0.0,-19560.0
0.0,465,0.13,0.0,-19560.0
0.0,466,0.13,0.0,-19560.0
0.0,467,0.13,0.0,-19560.0
0.0,468,0.13,0.0,-19560.0
0.0,469,0.13,0.0,-19560.0
0.0,470,0.13,0.0,-19560.0
0.0,471,0.13,0.0,-19560.0
0.0,472,0.13,0.0,-19560.0
0.0,473,0.13,0.0,-19560.0
0.0,474,0.13,0.0,-19560.0
0.0,475,0.13,0.0,-19560.0
0.0,476,0.13,0.0,-19560.0
0.0,477,0.13,0.0,-19560.0
0.0,478,0.13,0.0,-19560.0
0.0,479,0.13,0.0,-19560.0
0.0,480,0.13,0.0,-19560.0
0.0,481,0.13,0.0,-19560.0
0.0,482,0.13,0.0,-19560.0
0.0,483,0.13,0.0,-19560.0
0.0,484,0.13,0.0,-19560.0
0.0,485,0.13,0.0,-19560.0
0.0,486,0.13,0.0,-19560.0
0.0,487,0.13,0.0,-19560.0
0.0,488,0.13,0.0,-19560.0
0.0,489,0.13,0.0,-19560.0
0.0,490,0.13,0.0,-19560.0
0.0,491,0.13,0.0,-19560.0
0.0,492,0.13,0.0,-19560.0
0.0,493,0.13,0.0,-19560.0
0.0,494,0.13,0.0,-19560.0
0.0,495,0.13,0.0,-19560.0
0.0,496,0.13,0.0,-19560.0
0.0,497,0.13,0.0,-19560.0
0.0,498,0.13,0.0,-19560.0
0.0,499,0.13,0.0,-19560.0
0.0,500,0.13,0.0,-19560.0
0.0,501,0.13,0.0,-19560.0
0.0,502,0.13,0.0,-19560.0
0.0,503,0.13,0.0,-19560.0
0.0,504,0.13,0.0,-19560.0
0.0,505,0.13,0.0,-19560.0
0.0,506,0.13,0.0,-19560.0
0.0,507,0.13,0.0,-19560.0
0.0,508,0.13,0.0,-19560.0
0.0,509,0.13,0.0,-19560.0
0.0,510,0.13,0.0,-19560.0
0.0,511,0.13,0.0,-19560.0
0.0,512,0.13,0.0,-19560.0
0.0,513,0.13,0.0,-19560.0
0.0,514,0.13,0.0,-19560.0
0.0,515,0.13,0.0,-19560.0
0.0,516,0.13,0.0,-19560.0
0.0,517,0.13,0.0,-19560.0
0.0,518,0.13,0.0,-19560.0
0.0,519,0.125,0.0,-19560.0
0.0,520,0.125,0.0,-19560.0
0.0,521,0.125,0.0,-19560.0
0.0,522,0.125,0.0,-19560.0
0.0,523,0.125,0.0,-19560.0
0.0,524,0.125,0.0,-19560.0
0.0,525,0.125,0.0,-19560.0
0.0,526,0.125,0.0,-19560.0
0.0,527,0.125,0.0,-19560.0
0.0,528,0.125,0.0,-19560.0
0.0,529,0.125,0.0,-19560.0
0.0,530,0.125,0.0,-19560.0
0.0,531,0.125,0.0,-19560.0
0.0,532,0.125,0.0,-19560.0
0.0,533,0.125,0.0,-19560.0
0.0,534,0.125,0.0,-19560.0
0.0,535,0.125,0.0,-19560.0
0.0,536,0.125,0.0,-19560.0
0.0,537,0.125,0.0,-19560.0
0.0,538,0.125,0.0,-19560.0
0.0,539,0.125,0.0,-19560.0
0.0,540,0.125,0.0,-19560.0
0.0,541,0.125,0.0,-19560.0
0.0,542,0.125,0.0,-19560.0
0.0,543,0.125,0.0,-19560.0
0.0,544,0.125,0.0,-19560.0
0.0,545,0.125,0.0,-19560.0
0.0,546,0.125,0.0,-19560.0
0.0,547,0.125,0.0,-19560.0
0.0,548,0.125,0.0,-19560.0
0.0,549,0.125,0.0,-19560.0
0.0,550,0.125,0.0,-19560.0
0.0,551,0.125,0.0,-19560.0
0.0,552,0.125,0.0,-19560.0
0.0,553,0.125,0.0,-19560.0
0.0,554,0.125,0.0,-19560.0
0.0,555,0.125,0.0,-19560.0
0.0,556,0.125,0.0,-19560.0
0.0,557,0.12,0.0,-19560.0
0.0,558,0.12,0.0,-19560.0
0.0,559,0.12,0.0,-19560.0
0.0,560,0.12,0.0,-19560.0
0.0,561,0.12,0.0,-19560.0
0.0,562,0.12,0.0,-19560.0
0.0,563,0.12,0.0,-19560.0
0.0,564,0.12,0.0,-19560.0
0.0,565,0.12,0.0,-19560.0
0.0,566,0.12,0.0,-19560.0
0.0,567,0.12,0.0,-19560.0
0.0,568,0.12,0.0,-19560.0
0.0,569,0.12,0.0,-19560.0
0.0,570,0.12,0.0,-19560.0
0.0,571,0.12,0.0,-19560.0
0.0,572,0.12,0.0,-19560.0
0.0,573,0.12,0.0,-19560.0
0.0,574,0.12,0.0,-19560.0
0.0,575,0.12,0.0,-19560.0
0.0,576,0.12,0.0,-19560.0
0.0,577,0.12,0.0,-19560.0
0.0,578,0.12,0.0,-19560.0
0.0,579,0.12,0.0,-19560.0
0.0,580,0.12,0.0,-19560.0
0.0,581,0.12,0.0,-19560.0
0.0,582,0.12,0.0,-19560.0
0.0,583,0.12,0.0,-19560.0
0.0,584,0.12,0.0,-19560.0
0.0,585,0.12,0.0,-19560.0
0.0,586,0.12,0.0,-19560.0
0.0,587,0.12,0.0,-19560.0
0.0,588,0.12,0.0,-19560.0
0.0,589,0.12,0.0,-19560.0
0.0,590,0.12,0.0,-19560.0
0.0,591,0.12,0.0,-19560.0
0.0,592,0.12,0.0,-19560.0
0.0,593,0.12,0.0,-19560.0
0.0,594,0.12,0.0,-19560.0
0.0,595,0.12,0.0,-19560.0
0.0,596,0.12,0.0,-19560.0
0.0,597,0.12,0.0,-19560.0
0.0,598,0.12,0.0,-19560.0
0.0,599,0.12,0.0,-19560.0
0.0,600,0.12,0.0,-19560.0
0.0,601,0.12,0.0,-19560.0
0.0,602,0.12,0.0,-19560.0
0.0,603,0.12,0.0,-19560.0
0.0,604,0.12,0.0,-19560.0
0.0,605,0.12,0.0,-19560.0
0.0,606,0.12,0.0,-19560.0
0.0,607,0.12,0.0,-19560.0
0.0,608,0.12,0.0,-19560.0
0.0,609,0.12,0.0,-19560.0
0.0,610,0.12,0.0,-19560.0
0.0,611,0.12,0.0,-19560.0
0.0,612,0.12,0.0,-19560.0
0.0,613,0.12,0.0,-19560.0
0.0,614,0.12,0.0,-19560.0
0.0,615,0.12,0.0,-19560.0
0.0,616,0.12,0.0,-19560.0
0.0,617,0.12,0.0,-19560.0
0.0,618,0.12,0.0,-19560.0
0.0,619,0.12,0.0,-19560.0
0.0,620,0.12,0.0,-19560.0
0.0,621,0.12,0.0,-19560.0
0.0,622,0.12,0.0,-19560.0
0.0,623,0.12,0.0,-19560.0
0.0,624,0.12,0.0,-19560.0
0.0,625,0.12,0.0,-19560.0
0.0,626,0.12,0.0,-19560.0
0.0,627,0.12,0.0,-19560.0
0.0,628,0.12,0.0,-19560.0
0.0,629,0.12,0.0,-19560.0
0.0,630,0.12,0.0,-19560.0
0.0,631,0.12,0.0,-19560.0
0.0,632,0.12,0.0,-19560.0
0.0,633,0.12,0.0,-19560.0
0.0,634,0.12,0.0,-19560.0
0.0,635,0.12,0.0,-19560.0
0.0,636,0.12,0.0,-19560.0
0.0,637,0.12,0.0,-19560.0
0.0,638,0.12,0.0,-19560.0
0.0,639,0.12,0.0,-19560.0
0.0,640,0.12,0.0,-19560.0
0.0,641,0.12,0.0,-19560.0
0.0,642,0.12,0.0,-19560.0
0.0,643,0.12,0.0,-19560.0
0.0,644,0.12,0.0,-19560.0
0.0,645,0.12,0.0,-19560.0
0.0,646,0.12,0.0,-19560.0
0.0,647,0.12,0.0,-19560.0
0.0,648,0.12,0.0,-19560.0
0.0,649,0.12,0.0,-19560.0
0.0,650,0.12,0.0,-19560.0
0.0,651,0.12,0.0,-19560.0
0.0,652,0.12,0.0,-19560.0
0.0,653,0.12,0.0,-19560.0
0.0,654,0.12,0.0,-19560.0
0.0,655,0.12,0.0,-19560.0
0.0,656,0.12,0.0,-19560.0
0.0,657,0.12,0.0,-19560.0
0.0,658,0.12,0.0,-19560.0
0.0,659,0.12,0.0,-19560.0
0.0,660,0.12,0.0,-19560.0
0.0,661,0.12,0.0,-19560.0
0.0,662,0.12,0.0,-19560.0
0.0,663,0.12,0.0,-19560.0
0.0,664,0.12,0.0,-19560.0
0.0,665,0.12,0.0,-19560.0
0.0,666,0.12,0.0,-19560.0
0.0,667,0.12,0.0,-19560.0
0.0,668,0.115,0.0,-19560.0
0.0,669,0.115,0.0,-19560.0
0.0,670,0.115,0.0,-19560.0
0.0,671,0.115,0.0,-19560.0
0.0,672,0.115,0.0,-19560.0
0.0,673,0.115,0.0,-19560.0
0.0,674,0.115,0.0,-19560.0
0.0,675,0.115,0.0,-19560.0
0.0,676,0.115,0.0,-19560.0
0.0,677,0.115,0.0,-19560.0
0.0,678,0.115,0.0,-19560.0
0.0,679,0.115,0.0,-19560.0
0.0,680,0.115,0.0,-19560.0
0.0,681,0.115,0.0,-19560.0
0.0,682,0.115,0.0,-19560.0
0.0,683,0.115,0.0,-19560.0
0.0,684,0.115,0.0,-19560.0
0.0,685,0.115,0.0,-19560.0
0.0,686,0.115,0.0,-19560.0
0.0,687,0.115,0.0,-19560.0
0.0,688,0.115,0.0,-19560.0
0.0,689,0.115,0.0,-19560.0
0.0,690,0.115,0.0,-19560.0
0.0,691,0.115,0.0,-19560.0
0.0,692,0.115,0.0,-19560.0
0.0,693,0.115,0.0,-19560.0
0.0,694,0.115,0.0,-19560.0
0.0,695,0.115,0.0,-19560.0
0.0,696,0.115,0.0,-19560.0
0.0,697,0.115,0.0,-19560.0
0.0,698,0.115,0.0,-19560.0
0.0,699,0.115,0.0,-19560.0
0.0,700,0.115,0.0,-19560.0
0.0,701,0.115,0.0,-19560.0
0.0,702,0.115,0.0,-19560.0
0.0,703,0.115,0.0,-19560.0
0.0,704,0.115,0.0,-19560.0
0.0,705,0.115,0.0,-19560.0
0.0,706,0.115,0.0,-19560.0
0.0,707,0.115,0.0,-19560.0
0.0,708,0.115,0.0,-19560.0
0.0,709,0.115,0.0,-19560.0
0.0,710,0.115,0.0,-19560.0
0.0,711,0.115,0.0,-19560.0
0.0,712,0.115,0.0,-19560.0
0.0,713,0.115,0.0,-19560.0
0.0,714,0.115,0.0,-19560.0
0.0,715,0.115,0.0,-19560.0
0.0,716,0.115,0.0,-19560.0
0.0,717,0.115,0.0,-19560.0
0.0,718,0.115,0.0,-19560.0
0.0,719,0.115,0.0,-19560.0
0.0,720,0.115,0.0,-19560.0
0.0,721,0.115,0.0,-19560.0
0.0,722,0.115,0.0,-19560.0
0.0,723,0.115,0.0,-19560.0
0.0,724,0.115,0.0,-19560.0
0.0,725,0.115,0.0,-19560.0
0.0,726,0.115,0.0,-19560.0
0.0,727,0.115,0.0,-19560.0
0.0,728,0.115,0.0,-19560.0
0.0,729,0.115,0.0,-19560.0
0.0,730,0.115,0.0,-19560.0
0.0,731,0.115,0.0,-19560.0
0.0,732,0.115,0.0,-19560.0
0.0,733,0.115,0.0,-19560.0
0.0,734,0.115,0.0,-19560.0
0.0,735,0.115,0.0,-19560.0
0.0,736,0.115,0.0,-19560.0
0.0,737,0.115,0.0,-19560.0
0.0,738,0.115,0.0,-19560.0
0.0,739,0.115,0.0,-19560.0
0.0,740,0.115,0.0,-19560.0
0.0,741,0.115,0.0,-19560.0
0.0,742,0.115,0.0,-19560.0
0.0,743,0.115,0.0,-19560.0
0.0,744,0.115,0.0,-19560.0
0.0,745,0.115,0.0,-19560.0
0.0,746,0.115,0.0,-19560.0
0.0,747,0.115,0.0,-19560.0
0.0,748,0.115,0.0,-19560.0
0.0,749,0.115,0.0,-19560.0
0.0,750,0.115,0.0,-19560.0
0.0,751,0.115,0.0,-19560.0
0.0,752,0.115,0.0,-19560.0
0.0,753,0.115,0.0,-19560.0
0.0,754,0.115,0.0,-19560.0
0.0,755,0.115,0.0,-19560.0
0.0,756,0.115,0.0,-19560.0
0.0,757,0.115,0.0,-19560.0
0.0,758,0.115,0.0,-19560.0
0.0,759,0.115,0.0,-19560.0
0.0,760,0.115,0.0,-19560.0
0.0,761,0.115,0.0,-19560.0
0.0,762,0.115,0.0,-19560.0
0.0,763,0.115,0.0,-19560.0
0.0,764,0.115,0.0,-19560.0
0.0,765,0.115,0.0,-19560.0
0.0,766,0.115,0.0,-19560.0
0.0,767,0.115,0.0,-19560.0
0.0,768,0.115,0.0,-19560.0
0.0,769,0.115,0.0,-19560.0
0.0,770,0.115,0.0,-19560.0
0.0,771,0.115,0.0,-19560.0
0.0,772,0.115,0.0,-19560.0
0.0,773,0.115,0.0,-19560.0
0.0,774,0.115,0.0,-19560.0
0.0,775,0.115,0.0,-19560.0
0.0,776,0.115,0.0,-19560.0
0.0,777,0.115,0.0,-19560.0
0.0,778,0.115,0.0,-19560.0
0.0,779,0.115,0.0,-19560.0
0.0,780,0.115,0.0,-19560.0
0.0,781,0.115,0.0,-19560.0
0.0,782,0.115,0.0,-19560.0
0.0,783,0.115,0.0,-19560.0
0.0,784,0.115,0.0,-19560.0
0.0,785,0.11,0.0,-19560.0
0.0,786,0.11,0.0,-19560.0
0.0,787,0.11,0.0,-19560.0
0.0,788,0.11,0.0,-19560.0
0.0,789,0.11,0.0,-19560.0
0.0,790,0.11,0.0,-19560.0
0.0,791,0.11,0.0,-19560.0
0.0,792,0.11,0.0,-19560.0
0.0,793,0.11,0.0,-19560.0
0.0,794,0.11,0.0,-19560.0
0.0,795,0.11,0.0,-19560.0
0.0,796,0.11,0.0,-19560.0
0.0,797,0.11,0.0,-19560.0
0.0,798,0.11,0.0,-19560.0
0.0,799,0.11,0.0,-19560.0
0.0,800,0.11,0.0,-19560.0
0.0,801,0.11,0.0,-19560.0
0.0,802,0.11,0.0,-19560.0
0.0,803,0.11,0.0,-19560.0
0.0,804,0.11,0.0,-19560.0
0.0,805,0.11,0.0,-19560.0
0.0,806,0.11,0.0,-19560.0
0.0,807,0.11,0.0,-19560.0
0.0,808,0.11,0.0,-19560.0
0.0,809,0.11,0.0,-19560.0
0.0,810,0.11,0.0,-19560.0
0.0,811,0.11,0.0,-19560.0
0.0,812,0.11,0.0,-19560.0
0.0,813,0.11,0.0,-19560.0
0.0,814,0.11,0.0,-19560.0
0.0,815,0.11,0.0,-19560.0
0.0,816,0.11,0.0,-19560.0
0.0,817,0.11,0.0,-19560.0
0.0,818,0.11,0.0,-19560.0
0.0,819,0.11,0.0,-19560.0
0.0,820,0.11,0.0,-19560.0
0.0,821,0.11,0.0,-19560.0
0.0,822,0.11,0.0,-19560.0
0.0,823,0.11,0.0,-19560.0
0.0,824,0.11,0.0,-19560.0
0.0,825,0.11,0.0,-19560.0
0.0,826,0.11,0.0,-19560.0
0.0,827,0.11,0.0,-19560.0
0.0,828,0.11,0.0,-19560.0
0.0,829,0.11,0.0,-19560.0
0.0,830,0.11,0.0,-19560.0
0.0,831,0.11,0.0,-19560.0
0.0,832,0.11,0.0,-19560.0
0.0,833,0.11,0.0,-19560.0
0.0,834,0.11,0.0,-19560.0
0.0,835,0.11,0.0,-19560.0
0.0,836,0.11,0.0,-19560.0
0.0,837,0.11,0.0,-19560.0
0.0,838,0.11,0.0,-19560.0
0.0,839,0.11,0.0,-19560.0
0.0,840,0.11,0.0,-19560.0
0.0,841,0.11,0.0,-19560.0
0.0,842,0.11,0.0,-19560.0
0.0,843,0.11,0.0,-19560.0
0.0,844,0.11,0.0,-19560.0
0.0,845,0.11,0.0,-19560.0
0.0,846,0.11,0.0,-19560.0
0.0,847,0.11,0.0,-19560.0
0.0,848,0.11,0.0,-19560.0
0.0,849,0.11,0.0,-19560.0
0.0,850,0.11,0.0,-19560.0
0.0,851,0.11,0.0,-19560.0
0.0,852,0.11,0.0,-19560.0
0.0,853,0.11,0.0,-19560.0
0.0,854,0.11,0.0,-19560.0
0.0,855,0.11,0.0,-19560.0
0.0,856,0.11,0.0,-19560.0
0.0,857,0.11,0.0,-19560.0
0.0,858,0.11,0.0,-19560.0
0.0,859,0.11,0.0,-19560.0
0.0,860,0.11,0.0,-19560.0
0.0,861,0.11,0.0,-19560.0
0.0,862,0.11,0.0,-19560.0
0.0,863,0.11,0.0,-19560.0
0.0,864,0.11,0.0,-19560.0
0.0,865,0.11,0.0,-19560.0
0.0,866,0.11,0.0,-19560.0
0.0,867,0.11,0.0,-19560.0
0.0,868,0.11,0.0,-19560.0
0.0,869,0.11,0.0,-19560.0
0.0,870,0.11,0.0,-19560.0
0.0,871,0.11,0.0,-19560.0
0.0,872,0.11,0.0,-19560.0
0.0,873,0.11,0.0,-19560.0
0.0,874,0.11,0.0,-19560.0
0.0,875,0.11,0.0,-19560.0
0.0,876,0.11,0.0,-19560.0
0.0,877,0.11,0.0,-19560.0
0.0,878,0.11,0.0,-19560.0
0.0,879,0.11,0.0,-19560.0
0.0,880,0.11,0.0,-19560.0
0.0,881,0.11,0.0,-19560.0
0.0,882,0.11,0.0,-19560.0
0.0,883,0.11,0.0,-19560.0
0.0,884,0.11,0.0,-19560.0
0.0,885,0.11,0.0,-19560.0
0.0,886,0.11,0.0,-19560.0
0.0,887,0.11,0.0,-19560.0
0.0,888,0.11,0.0,-19560.0
0.0,889,0.11,0.0,-19560.0
0.0,890,0.11,0.0,-19560.0
0.0,891,0.11,0.0,-19560.0
0.0,892,0.11,0.0,-19560.0
0.0,893,0.11,0.0,-19560.0
0.0,894,0.11,0.0,-19560.0
0.0,895,0.11,0.0,-19560.0
0.0,896,0.11,0.0,-19560.0
0.0,897,0.11,0.0,-19560.0
0.0,898,0.11,0.0,-19560.0
0.0,899,0.11,0.0,-19560.0
0.0,900,0.11,0.0,-19560.0
0.0,901,0.11,0.0,-19560.0
0.0,902,0.11,0.0,-19560.0
0.0,903,0.11,0.0,-19560.0
0.0,904,0.11,0.0,-19560.0
0.0,905,0.11,0.0,-19560.0
0.0,906,0.11,0.0,-19560.0
0.0,907,0.11,0.0,-19560.0
0.0,908,0.11,0.0,-19560.0
0.0,909,0.11,0.0,-19560.0
0.0,910,0.11,0.0,-19560.0
0.0,911,0.11,0.0,-19560.0
0.0,912,0.11,0.0,-19560.0
0.0,913,0.11,0.0,-19560.0
0.0,914,0.11,0.0,-19560.0
0.0,915,0.11,0.0,-19560.0
0.0,916,0.11,0.0,-19560.0
0.0,917,0.11,0.0,-19560.0
0.0,918,0.105,0.0,-19560.0
0.0,919,0.105,0.0,-19560.0
0.0,920,0.105,0.0,-19560.0
0.0,921,0.105,0.0,-19560.0
0.0,922,0.105,0.0,-19560.0
0.0,923,0.105,0.0,-19560.0
0.0,924,0.105,0.0,-19560.0
0.0,925,0.105,0.0,-19560.0
0.0,926,0.105,0.0,-19560.0
0.0,927,0.105,0.0,-19560.0
0.0,928,0.105,0.0,-19560.0
0.0,929,0.105,0.0,-19560.0
0.0,930,0.105,0.0,-19560.0
0.0,931,0.105,0.0,-19560.0
0.0,932,0.105,0.0,-19560.0
0.0,933,0.105,0.0,-19560.0
0.0,934,0.105,0.0,-19560.0
0.0,935,0.105,0.0,-19560.0
0.0,936,0.105,0.0,-19560.0
0.0,937,0.105,0.0,-19560.0
0.0,938,0.105,0.0,-19560.0
0.0,939,0.105,0.0,-19560.0
0.0,940,0.105,0.0,-19560.0
0.0,941,0.105,0.0,-19560.0
0.0,942,0.105,0.0,-19560.0
0.0,943,0.105,0.0,-19560.0
0.0,944,0.105,0.0,-19560.0
0.0,945,0.105,0.0,-19560.0
0.0,946,0.105,0.0,-19560.0
0.0,947,0.105,0.0,-19560.0
0.0,948,0.105,0.0,-19560.0
0.0,949,0.105,0.0,-19560.0
0.0,950,0.105,0.0,-19560.0
0.0,951,0.105,0.0,-19560.0
0.0,952,0.105,0.0,-19560.0
0.0,953,0.105,0.0,-19560.0
0.0,954,0.105,0.0,-19560.0
0.0,955,0.105,0.0,-19560.0
0.0,956,0.105,0.0,-19560.0
0.0,957,0.105,0.0,-19560.0
0.0,958,0.105,0.0,-19560.0
0.0,959,0.105,0.0,-19560.0
0.0,960,0.105,0.0,-19560.0
0.0,961,0.105,0.0,-19560.0
0.0,962,0.105,0.0,-19560.0
0.0,963,0.105,0.0,-19560.0
0.0,964,0.105,0.0,-19560.0
0.0,965,0.105,0.0,-19560.0
0.0,966,0.105,0.0,-19560.0
0.0,967,0.105,0.0,-19560.0
0.0,968,0.105,0.0,-19560.0
0.0,969,0.105,0.0,-19560.0
0.0,970,0.105,0.0,-19560.0
0.0,971,0.105,0.0,-19560.0
0.0,972,0.105,0.0,-19560.0
0.0,973,0.105,0.0,-19560.0
0.0,974,0.105,0.0,-19560.0
0.0,975,0.105,0.0,-19560.0
0.0,976,0.105,0.0,-19560.0
0.0,977,0.105,0.0,-19560.0
0.0,978,0.105,0.0,-19560.0
0.0,979,0.105,0.0,-19560.0
0.0,980,0.105,0.0,-19560.0
0.0,981,0.105,0.0,-19560.0
0.0,982,0.105,0.0,-19560.0
0.0,983,0.105,0.0,-19560.0
0.0,984,0.105,0.0,-19560.0
0.0,985,0.105,0.0,-19560.0
0.0,986,0.105,0.0,-19560.0
0.0,987,0.105,0.0,-19560.0
0.0,988,0.105,0.0,-19560.0
0.0,989,0.105,0.0,-19560.0
0.0,990,0.105,0.0,-19560.0
0.0,991,0.105,0.0,-19560.0
0.0,992,0.105,0.0,-19560.0
0.0,993,0.105,0.0,-19560.0
0.0,994,0.105,0.0,-19560.0
0.0,995,0.105,0.0,-19560.0
0.0,996,0.105,0.0,-19560.0
0.0,997,0.105,0.0,-19560.0
0.0,998,0.105,0.0,-19560.0
0.0,999,0.105,0.0,-19560.0
0.5,0,1.24,0.0,-14690.0
0.5,1,1.19,0.0,-15180.0
0.5,2,1.07,0.0,-16105.0
0.5,3,0.995,0.0,-16210.0
0.5,4,0.92,0.0,-16350.0
0.5,5,0.83,0.0,-16500.0
0.5,6,0.765,0.0,-16780.0
0.5,7,0.715,0.0,-16890.0
0.5,8,0.67,0.0,-16970.0
0.5,9,0.64,0.0,-17170.0
0.5,10,0.615,0.0,-17350.0
0.5,11,0.585,0.0,-17910.0
0.5,12,0.575,0.0,-17920.0
0.5,13,0.535,0.0,-18105.0
0.5,14,0.515,0.0,-18235.0
0.5,15,0.495,0.0,-18435.0
0.5,16,0.485,0.0,-18445.0
0.5,17,0.475,0.0,-18435.0
0.5,18,0.445,0.0,-18385.0
0.5,19,0.435,0.0,-18505.0
0.5,20,0.425,0.0,-18505.0
0.5,21,0.41,0.0,-18595.0
0.5,22,0.395,0.0,-18725.0
0.5,23,0.38,0.0,-18725.0
0.5,24,0.375,0.0,-18715.0
0.5,25,0.365,0.0,-18755.0
0.5,26,0.365,0.0,-18755.0
0.5,27,0.36,0.0,-18765.0
0.5,28,0.355,0.0,-18745.0
0.5,29,0.34,0.0,-18725.0
0.5,30,0.335,0.0,-18735.0
0.5,31,0.335,0.0,-18725.0
0.5,32,0.315,0.0,-18755.0
0.5,33,0.315,0.0,-18745.0
0.5,34,0.31,0.0,-18735.0
0.5,35,0.305,0.0,-18735.0
0.5,36,0.3,0.0,-18725.0
0.5,37,0.3,0.0,-18745.0
0.5,38,0.29,0.0,-18725.0
0.5,39,0.285,0.0,-18715.0
0.5,40,0.285,0.0,-18735.0
0.5,41,0.28,0.0,-18725.0
0.5,42,0.27,0.0,-18765.0
0.5,43,0.27,0.0,-18775.0
0.5,44,0.265,0.0,-18755.0
0.5,45,0.265,0.0,-18755.0
0.5,46,0.26,0.0,-18855.0
0.5,47,0.255,0.0,-18855.0
0.5,48,0.25,0.0,-18855.0
0.5,49,0.25,0.0,-18855.0
0.5,50,0.25,0.0,-18855.0
0.5,51,0.25,0.0,-18855.0
0.5,52,0.25,0.0,-18855.0
0.5,53,0.25,0.0,-18855.0
0.5,54,0.245,0.0,-18975.0
0.5,55,0.24,0.0,-18945.0
0.5,56,0.24,0.0,-18935.0
0.5,57,0.235,0.0,-18965.0
0.5,58,0.235,0.0,-18955.0
0.5,59,0.23,0.0,-18945.0
0.5,60,0.23,0.0,-18955.0
0.5,61,0.225,0.0,-18955.0
0.5,62,0.225,0.0,-18955.0
0.5,63,0.225,0.0,-18945.0
0.5,64,0.225,0.0,-18955.0
0.5,65,0.215,0.0,-19065.0
0.5,66,0.215,0.0,-19085.0
0.5,67,0.21,0.0,-19055.0
0.5,68,0.21,0.0,-19065.0
0.5,69,0.21,0.0,-19075.0
0.5,70,0.21,0.0,-19055.0
0.5,71,0.205,0.0,-19075.0
0.5,72,0.205,0.0,-19065.0
0.5,73,0.205,0.0,-19065.0
0.5,74,0.205,0.0,-19055.0
0.5,75,0.205,0.0,-19065.0
0.5,76,0.205,0.0,-19055.0
0.5,77,0.2,0.0,-19055.0
0.5,78,0.2,0.0,-19075.0
0.5,79,0.2,0.0,-19075.0
0.5,80,0.2,0.0,-19075.0
0.5,81,0.2,0.0,-19055.0
0.5,82,0.2,0.0,-19055.0
0.5,83,0.2,0.0,-19045.0
0.5,84,0.2,0.0,-19045.0
0.5,85,0.2,0.0,-19045.0
0.5,86,0.2,0.0,-19045.0
0.5,87,0.195,0.0,-19045.0
0.5,88,0.195,0.0,-19045.0
0.5,89,0.195,0.0,-19045.0
0.5,90,0.195,0.0,-19045.0
0.5,91,0.195,0.0,-19045.0
0.5,92,0.195,0.0,-19045.0
0.5,93,0.195,0.0,-19045.0
0.5,94,0.195,0.0,-19055.0
0.5,95,0.195,0.0,-19055.0
0.5,96,0.195,0.0,-19045.0
0.5,97,0.195,0.0,-19045.0
0.5,98,0.19,0.0,-19155.0
0.5,99,0.19,0.0,-19155.0
0.5,100,0.19,0.0,-19155.0
0.5,101,0.19,0.0,-19155.0
0.5,102,0.19,0.0,-19155.0
0.5,103,0.19,0.0,-19155.0
0.5,104,0.19,0.0,-19155.0
0.5,105,0.19,0.0,-19145.0
0.5,106,0.19,0.0,-19155.0
0.5,107,0.19,0.0,-19155.0
0.5,108,0.19,0.0,-19155.0
0.5,109,0.19,0.0,-19145.0
0.5,110,0.19,0.0,-19145.0
0.5,111,0.19,0.0,-19145.0
0.5,112,0.19,0.0,-19145.0
0.5,113,0.19,0.0,-19155.0
0.5,114,0.19,0.0,-19155.0
0.5,115,0.19,0.0,-19155.0
0.5,116,0.19,0.0,-19165.0
0.5,117,0.19,0.0,-19165.0
0.5,118,0.19,0.0,-19165.0
0.5,119,0.19,0.0,-19155.0
0.5,120,0.19,0.0,-19165.0
0.5,121,0.19,0.0,-19165.0
0.5,122,0.185,0.0,-19145.0
0.5,123,0.185,0.0,-19165.0
0.5,124,0.185,0.0,-19165.0
0.5,125,0.185,0.0,-19165.0
0.5,126,0.185,0.0,-19165.0
0.5,127,0.185,0.0,-19155.0
0.5,128,0.185,0.0,-19155.0
0.5,129,0.185,0.0,-19155.0
0.5,130,0.185,0.0,-19165.0
0.5,131,0.185,0.0,-19165.0
0.5,132,0.185,0.0,-19155.0
0.5,133,0.185,0.0,-19155.0
0.5,134,0.185,0.0,-19155.0
0.5,135,0.185,0.0,-19155.0
0.5,136,0.185,0.0,-19155.0
0.5,137,0.185,0.0,-19165.0
0.5,138,0.18,0.0,-19165.0
0.5,139,0.18,0.0,-19155.0
0.5,140,0.18,0.0,-19165.0
0.5,141,0.18,0.0,-19165.0
0.5,142,0.18,0.0,-19155.0
0.5,143,0.18,0.0,-19165.0
0.5,144,0.18,0.0,-19165.0
0.5,145,0.18,0.0,-19165.0
0.5,146,0.18,0.0,-19165.0
0.5,147,0.18,0.0,-19165.0
0.5,148,0.18,0.0,-19155.0
0.5,149,0.18,0.0,-19165.0
0.5,150,0.18,0.0,-19155.0
0.5,151,0.18,0.0,-19165.0
0.5,152,0.18,0.0,-19155.0
0.5,153,0.18,0.0,-19155.0
0.5,154,0.18,0.0,-19155.0
0.5,155,0.18,0.0,-19145.0
0.5,156,0.18,0.0,-19145.0
0.5,157,0.175,0.0,-19145.0
0.5,158,0.175,0.0,-19135.0
0.5,159,0.175,0.0,-19155.0
0.5,160,0.175,0.0,-19145.0
0.5,161,0.17,0.0,-19165.0
0.5,162,0.17,0.0,-19165.0
0.5,163,0.17,0.0,-19175.0
0.5,164,0.165,0.0,-19275.0
0.5,165,0.165,0.0,-19265.0
0.5,166,0.165,0.0,-19275.0
0.5,167,0.165,0.0,-19275.0
0.5,168,0.16,0.0,-19275.0
0.5,169,0.16,0.0,-19265.0
0.5,170,0.16,0.0,-19265.0
0.5,171,0.16,0.0,-19275.0
0.5,172,0.16,0.0,-19275.0
0.5,173,0.155,0.0,-19265.0
0.5,174,0.155,0.0,-19275.0
0.5,175,0.155,0.0,-19255.0
0.5,176,0.155,0.0,-19275.0
0.5,177,0.155,0.0,-19255.0
0.5,178,0.15,0.0,-19365.0
0.5,179,0.15,0.0,-19365.0
0.5,180,0.15,0.0,-19365.0
0.5,181,0.15,0.0,-19365.0
0.5,182,0.15,0.0,-19365.0
0.5,183,0.15,0.0,-19375.0
0.5,184,0.15,0.0,-19385.0
0.5,185,0.15,0.0,-19385.0
0.5,186,0.15,0.0,-19375.0
0.5,187,0.15,0.0,-19385.0
0.5,188,0.15,0.0,-19375.0
0.5,189,0.15,0.0,-19375.0
0.5,190,0.15,0.0,-19375.0
0.5,191,0.15,0.0,-19375.0
0.5,192,0.15,0.0,-19375.0
0.5,193,0.15,0.0,-19375.0
0.5,194,0.15,0.0,-19385.0
0.5,195,0.15,0.0,-19375.0
0.5,196,0.15,0.0,-19375.0
0.5,197,0.15,0.0,-19365.0
0.5,198,0.15,0.0,-19365.0
0.5,199,0.15,0.0,-19365.0
0.5,200,0.15,0.0,-19365.0
0.5,201,0.15,0.0,-19365.0
0.5,202,0.15,0.0,-19365.0
0.5,203,0.15,0.0,-19365.0
0.5,204,0.15,0.0,-19375.0
0.5,205,0.15,0.0,-19375.0
0.5,206,0.15,0.0,-19375.0
0.5,207,0.15,0.0,-19365.0
0.5,208,0.15,0.0,-19365.0
0.5,209,0.15,0.0,-19365.0
0.5,210,0.15,0.0,-19365.0
0.5,211,0.15,0.0,-19365.0
0.5,212,0.15,0.0,-19365.0
0.5,213,0.15,0.0,-19365.0
0.5,214,0.15,0.0,-19355.0
0.5,215,0.15,0.0,-19355.0
0.5,216,0.15,0.0,-19355.0
0.5,217,0.15,0.0,-19365.0
0.5,218,0.15,0.0,-19365.0
0.5,219,0.15,0.0,-19355.0
0.5,220,0.15,0.0,-19355.0
0.5,221,0.15,0.0,-19355.0
0.5,222,0.15,0.0,-19355.0
0.5,223,0.15,0.0,-19365.0
0.5,224,0.15,0.0,-19365.0
0.5,225,0.15,0.0,-19365.0
0.5,226,0.15,0.0,-19375.0
0.5,227,0.15,0.0,-19385.0
0.5,228,0.15,0.0,-19385.0
0.5,229,0.15,0.0,-19375.0
0.5,230,0.15,0.0,-19365.0
0.5,231,0.15,0.0,-19365.0
0.5,232,0.15,0.0,-19375.0
0.5,233,0.15,0.0,-19355.0
0.5,234,0.15,0.0,-19375.0
0.5,235,0.15,0.0,-19375.0
0.5,236,0.145,0.0,-19375.0
0.5,237,0.145,0.0,-19365.0
0.5,238,0.145,0.0,-19365.0
0.5,239,0.145,0.0,-19375.0
0.5,240,0.145,0.0,-19385.0
0.5,241,0.145,0.0,-19385.0
0.5,242,0.145,0.0,-19385.0
0.5,243,0.145,0.0,-19375.0
0.5,244,0.145,0.0,-19385.0
0.5,245,0.145,0.0,-19385.0
0.5,246,0.145,0.0,-19385.0
0.5,247,0.145,0.0,-19385.0
0.5,248,0.145,0.0,-19385.0
0.5,249,0.145,0.0,-19385.0
0.5,250,0.145,0.0,-19375.0
0.5,251,0.145,0.0,-19385.0
0.5,252,0.145,0.0,-19385.0
0.5,253,0.145,0.0,-19375.0
0.5,254,0.145,0.0,-19385.0
0.5,255,0.145,0.0,-19375.0
0.5,256,0.145,0.0,-19375.0
0.5,257,0.145,0.0,-19375.0
0.5,258,0.145,0.0,-19375.0
0.5,259,0.145,0.0,-19375.0
0.5,260,0.145,0.0,-19385.0
0.5,261,0.145,0.0,-19375.0
0.5,262,0.14,0.0,-19375.0
0.5,263,0.14,0.0,-19365.0
0.5,264,0.14,0.0,-19375.0
0.5,265,0.14,0.0,-19375.0
0.5,266,0.14,0.0,-19375.0
0.5,267,0.14,0.0,-19375.0
0.5,268,0.14,0.0,-19375.0
0.5,269,0.14,0.0,-19375.0
0.5,270,0.14,0.0,-19375.0
0.5,271,0.14,0.0,-19375.0
0.5,272,0.14,0.0,-19375.0
0.5,273,0.14,0.0,-19385.0
0.5,274,0.14,0.0,-19375.0
0.5,275,0.14,0.0,-19385.0
0.5,276,0.14,0.0,-19385.0
0.5,277,0.14,0.0,-19385.0
0.5,278,0.14,0.0,-19375.0
0.5,279,0.14,0.0,-19375.0
0.5,280,0.135,0.0,-19485.0
0.5,281,0.13,0.0,-19485.0
0.5,282,0.13,0.0,-19485.0
0.5,283,0.13,0.0,-19485.0
0.5,284,0.13,0.0,-19485.0
0.5,285,0.125,0.0,-19485.0
0.5,286,0.125,0.0,-19485.0
0.5,287,0.125,0.0,-19485.0
0.5,288,0.125,0.0,-19485.0
0.5,289,0.125,0.0,-19485.0
0.5,290,0.125,0.0,-19485.0
0.5,291,0.125,0.0,-19475.0
0.5,292,0.125,0.0,-19475.0
0.5,293,0.125,0.0,-19485.0
0.5,294,0.125,0.0,-19485.0
0.5,295,0.125,0.0,-19485.0
0.5,296,0.125,0.0,-19475.0
0.5,297,0.125,0.0,-19475.0
0.5,298,0.125,0.0,-19475.0
0.5,299,0.125,0.0,-19475.0
0.5,300,0.125,0.0,-19475.0
0.5,301,0.125,0.0,-19475.0
0.5,302,0.125,0.0,-19475.0
0.5,303,0.125,0.0,-19475.0
0.5,304,0.125,0.0,-19475.0
0.5,305,0.125,0.0,-19475.0
0.5,306,0.12,0.0,-19565.0
0.5,307,0.12,0.0,-19565.0
0.5,308,0.12,0.0,-19565.0
0.5,309,0.12,0.0,-19565.0
0.5,310,0.12,0.0,-19565.0
0.5,311,0.12,0.0,-19565.0
0.5,312,0.12,0.0,-19565.0
0.5,313,0.12,0.0,-19565.0
0.5,314,0.12,0.0,-19565.0
0.5,315,0.12,0.0,-19565.0
0.5,316,0.12,0.0,-19565.0
0.5,317,0.12,0.0,-19565.0
0.5,318,0.12,0.0,-19565.0
0.5,319,0.12,0.0,-19565.0
0.5,320,0.12,0.0,-19575.0
0.5,321,0.12,0.0,-19585.0
0.5,322,0.12,0.0,-19575.0
0.5,323,0.12,0.0,-19560.0
0.5,324,0.12,0.0,-19560.0
0.5,325,0.12,0.0,-19560.0
0.5,326,0.12,0.0,-19570.0
0.5,327,0.12,0.0,-19560.0
0.5,328,0.12,0.0,-19560.0
0.5,329,0.12,0.0,-19560.0
0.5,330,0.12,0.0,-19560.0
0.5,331,0.115,0.0,-19560.0
0.5,332,0.115,0.0,-19560.0
0.5,333,0.115,0.0,-19560.0
0.5,334,0.115,0.0,-19560.0
0.5,335,0.115,0.0,-19560.0
0.5,336,0.115,0.0,-19560.0
0.5,337,0.115,0.0,-19560.0
0.5,338,0.115,0.0,-19570.0
0.5,339,0.115,0.0,-19570.0
0.5,340,0.115,0.0,-19570.0
0.5,341,0.115,0.0,-19570.0
0.5,342,0.115,0.0,-19570.0
0.5,343,0.115,0.0,-19570.0
0.5,344,0.115,0.0,-19570.0
0.5,345,0.115,0.0,-19570.0
0.5,346,0.115,0.0,-19570.0
0.5,347,0.115,0.0,-19580.0
0.5,348,0.115,0.0,-19580.0
0.5,349,0.115,0.0,-19580.0
0.5,350,0.115,0.0,-19570.0
0.5,351,0.115,0.0,-19570.0
0.5,352,0.115,0.0,-19570.0
0.5,353,0.115,0.0,-19560.0
0.5,354,0.115,0.0,-19570.0
0.5,355,0.11,0.0,-19570.0
0.5,356,0.11,0.0,-19570.0
0.5,357,0.11,0.0,-19570.0
0.5,358,0.11,0.0,-19560.0
0.5,359,0.11,0.0,-19560.0
0.5,360,0.11,0.0,-19560.0
0.5,361,0.11,0.0,-19560.0
0.5,362,0.11,0.0,-19560.0
0.5,363,0.11,0.0,-19560.0
0.5,364,0.11,0.0,-19560.0
0.5,365,0.11,0.0,-19560.0
0.5,366,0.11,0.0,-19560.0
0.5,367,0.11,0.0,-19560.0
0.5,368,0.11,0.0,-19560.0
0.5,369,0.11,0.0,-19560.0
0.5,370,0.11,0.0,-19560.0
0.5,371,0.11,0.0,-19560.0
0.5,372,0.11,0.0,-19560.0
0.5,373,0.11,0.0,-19560.0
0.5,374,0.11,0.0,-19560.0
0.5,375,0.11,0.0,-19560.0
0.5,376,0.11,0.0,-19560.0
0.5,377,0.11,0.0,-19560.0
0.5,378,0.11,0.0,-19570.0
0.5,379,0.11,0.0,-19570.0
0.5,380,0.11,0.0,-19570.0
0.5,381,0.11,0.0,-19570.0
0.5,382,0.11,0.0,-19570.0
0.5,383,0.11,0.0,-19570.0
0.5,384,0.11,0.0,-19570.0
0.5,385,0.11,0.0,-19560.0
0.5,386,0.11,0.0,-19560.0
0.5,387,0.11,0.0,-19570.0
0.5,388,0.11,0.0,-19570.0
0.5,389,0.11,0.0,-19580.0
0.5,390,0.11,0.0,-19570.0
0.5,391,0.11,0.0,-19570.0
0.5,392,0.11,0.0,-19580.0
0.5,393,0.11,0.0,-19580.0
0.5,394,0.11,0.0,-19580.0
0.5,395,0.11,0.0,-19580.0
0.5,396,0.11,0.0,-19570.0
0.5,397,0.11,0.0,-19570.0
0.5,398,0.11,0.0,-19570.0
0.5,399,0.11,0.0,-19570.0
0.5,400,0.11,0.0,-19580.0
0.5,401,0.11,0.0,-19590.0
0.5,402,0.11,0.0,-19590.0
0.5,403,0.11,0.0,-19580.0
0.5,404,0.11,0.0,-19580.0
0.5,405,0.11,0.0,-19580.0
0.5,406,0.11,0.0,-19580.0
0.5,407,0.11,0.0,-19590.0
0.5,408,0.11,0.0,-19590.0
0.5,409,0.11,0.0,-19590.0
0.5,410,0.11,0.0,-19580.0
0.5,411,0.11,0.0,-19580.0
0.5,412,0.11,0.0,-19590.0
0.5,413,0.11,0.0,-19590.0
0.5,414,0.11,0.0,-19590.0
0.5,415,0.11,0.0,-19590.0
0.5,416,0.11,0.0,-19590.0
0.5,417,0.11,0.0,-19580.0
0.5,418,0.11,0.0,-19580.0
0.5,419,0.11,0.0,-19580.0
0.5,420,0.11,0.0,-19580.0
0.5,421,0.11,0.0,-19580.0
0.5,422,0.11,0.0,-19590.0
0.5,423,0.11,0.0,-19590.0
0.5,424,0.11,0.0,-19580.0
0.5,425,0.11,0.0,-19590.0
0.5,426,0.11,0.0,-19590.0
0.5,427,0.11,0.0,-19600.0
0.5,428,0.11,0.0,-19590.0
0.5,429,0.11,0.0,-19590.0
0.5,430,0.11,0.0,-19590.0
0.5,431,0.11,0.0,-19590.0
0.5,432,0.11,0.0,-19600.0
0.5,433,0.11,0.0,-19590.0
0.5,434,0.11,0.0,-19590.0
0.5,435,0.11,0.0,-19590.0
0.5,436,0.11,0.0,-19590.0
0.5,437,0.11,0.0,-19600.0
0.5,438,0.11,0.0,-19590.0
0.5,439,0.11,0.0,-19590.0
0.5,440,0.11,0.0,-19590.0
0.5,441,0.11,0.0,-19590.0
0.5,442,0.11,0.0,-19600.0
0.5,443,0.11,0.0,-19590.0
0.5,444,0.11,0.0,-19590.0
0.5,445,0.11,0.0,-19600.0
0.5,446,0.11,0.0,-19600.0
0.5,447,0.11,0.0,-19600.0
0.5,448,0.11,0.0,-19590.0
0.5,449,0.11,0.0,-19590.0
0.5,450,0.11,0.0,-19590.0
0.5,451,0.11,0.0,-19590.0
0.5,452,0.11,0.0,-19590.0
0.5,453,0.11,0.0,-19590.0
0.5,454,0.105,0.0,-19580.0
0.5,455,0.105,0.0,-19580.0
0.5,456,0.105,0.0,-19580.0
0.5,457,0.105,0.0,-19590.0
0.5,458,0.105,0.0,-19590.0
0.5,459,0.105,0.0,-19600.0
0.5,460,0.105,0.0,-19600.0
0.5,461,0.105,0.0,-19600.0
0.5,462,0.105,0.0,-19600.0
0.5,463,0.105,0.0,-19600.0
0.5,464,0.105,0.0,-19600.0
0.5,465,0.105,0.0,-19600.0
0.5,466,0.105,0.0,-19590.0
0.5,467,0.105,0.0,-19580.0
0.5,468,0.105,0.0,-19580.0
0.5,469,0.105,0.0,-19580.0
0.5,470,0.105,0.0,-19580.0
0.5,471,0.105,0.0,-19580.0
0.5,472,0.105,0.0,-19580.0
0.5,473,0.105,0.0,-19570.0
0.5,474,0.105,0.0,-19580.0
0.5,475,0.105,0.0,-19580.0
0.5,476,0.105,0.0,-19580.0
0.5,477,0.105,0.0,-19580.0
0.5,478,0.105,0.0,-19580.0
0.5,479,0.105,0.0,-19580.0
0.5,480,0.105,0.0,-19580.0
0.5,481,0.105,0.0,-19580.0
0.5,482,0.105,0.0,-19580.0
0.5,483,0.105,0.0,-19580.0
0.5,484,0.105,0.0,-19580.0
0.5,485,0.105,0.0,-19580.0
0.5,486,0.105,0.0,-19590.0
0.5,487,0.105,0.0,-19590.0
0.5,488,0.105,0.0,-19590.0
0.5,489,0.105,0.0,-19580.0
0.5,490,0.105,0.0,-19580.0
0.5,491,0.105,0.0,-19580.0
0.5,492,0.105,0.0,-19570.0
0.5,493,0.105,0.0,-19570.0
0.5,494,0.105,0.0,-19580.0
0.5,495,0.105,0.0,-19570.0
0.5,496,0.105,0.0,-19570.0
0.5,497,0.105,0.0,-19580.0
0.5,498,0.105,0.0,-19580.0
0.5,499,0.105,0.0,-19580.0
0.5,500,0.105,0.0,-19580.0
0.5,501,0.105,0.0,-19580.0
0.5,502,0.105,0.0,-19580.0
0.5,503,0.105,0.0,-19590.0
0.5,504,0.105,0.0,-19590.0
0.5,505,0.105,0.0,-19590.0
0.5,506,0.105,0.0,-19580.0
0.5,507,0.105,0.0,-19590.0
0.5,508,0.105,0.0,-19590.0
0.5,509,0.105,0.0,-19580.0
0.5,510,0.105,0.0,-19580.0
0.5,511,0.105,0.0,-19580.0
0.5,512,0.105,0.0,-19570.0
0.5,513,0.105,0.0,-19580.0
0.5,514,0.105,0.0,-19570.0
0.5,515,0.105,0.0,-19580.0
0.5,516,0.105,0.0,-19580.0
0.5,517,0.105,0.0,-19570.0
0.5,518,0.105,0.0,-19580.0
0.5,519,0.105,0.0,-19570.0
0.5,520,0.105,0.0,-19570.0
0.5,521,0.105,0.0,-19570.0
0.5,522,0.105,0.0,-19570.0
0.5,523,0.105,0.0,-19570.0
0.5,524,0.105,0.0,-19570.0
0.5,525,0.105,0.0,-19570.0
0.5,526,0.105,0.0,-19580.0
0.5,527,0.105,0.0,-19580.0
0.5,528,0.105,0.0,-19580.0
0.5,529,0.105,0.0,-19570.0
0.5,530,0.105,0.0,-19570.0
0.5,531,0.105,0.0,-19570.0
0.5,532,0.105,0.0,-19570.0
0.5,533,0.105,0.0,-19570.0
0.5,534,0.105,0.0,-19570.0
0.5,535,0.105,0.0,-19570.0
0.5,536,0.105,0.0,-19570.0
0.5,537,0.105,0.0,-19570.0
0.5,538,0.105,0.0,-19570.0
0.5,539,0.105,0.0,-19570.0
0.5,540,0.105,0.0,-19570.0
0.5,541,0.105,0.0,-19580.0
0.5,542,0.105,0.0,-19590.0
0.5,543,0.105,0.0,-19590.0
0.5,544,0.105,0.0,-19580.0
0.5,545,0.105,0.0,-19580.0
0.5,546,0.105,0.0,-19580.0
0.5,547,0.105,0.0,-19580.0
0.5,548,0.105,0.0,-19580.0
0.5,549,0.105,0.0,-19600.0
0.5,550,0.105,0.0,-19600.0
0.5,551,0.105,0.0,-19600.0
0.5,552,0.105,0.0,-19600.0
0.5,553,0.105,0.0,-19580.0
0.5,554,0.105,0.0,-19590.0
0.5,555,0.105,0.0,-19590.0
0.5,556,0.105,0.0,-19590.0
0.5,557,0.105,0.0,-19600.0
0.5,558,0.105,0.0,-19600.0
0.5,559,0.105,0.0,-19580.0
0.5,560,0.105,0.0,-19590.0
0.5,561,0.105,0.0,-19590.0
0.5,562,0.105,0.0,-19580.0
0.5,563,0.105,0.0,-19580.0
0.5,564,0.105,0.0,-19590.0
0.5,565,0.105,0.0,-19590.0
0.5,566,0.105,0.0,-19590.0
0.5,567,0.105,0.0,-19600.0
0.5,568,0.105,0.0,-19600.0
0.5,569,0.105,0.0,-19590.0
0.5,570,0.105,0.0,-19590.0
0.5,571,0.105,0.0,-19600.0
0.5,572,0.105,0.0,-19600.0
0.5,573,0.105,0.0,-19600.0
0.5,574,0.105,0.0,-19600.0
0.5,575,0.105,0.0,-19590.0
0.5,576,0.105,0.0,-19600.0
0.5,577,0.105,0.0,-19580.0
0.5,578,0.105,0.0,-19580.0
0.5,579,0.105,0.0,-19580.0
0.5,580,0.105,0.0,-19580.0
0.5,581,0.105,0.0,-19590.0
0.5,582,0.105,0.0,-19590.0
0.5,583,0.105,0.0,-19590.0
0.5,584,0.105,0.0,-19590.0
0.5,585,0.105,0.0,-19590.0
0.5,586,0.105,0.0,-19590.0
0.5,587,0.105,0.0,-19570.0
0.5,588,0.105,0.0,-19590.0
0.5,589,0.105,0.0,-19580.0
0.5,590,0.105,0.0,-19580.0
0.5,591,0.105,0.0,-19580.0
0.5,592,0.105,0.0,-19580.0
0.5,593,0.105,0.0,-19580.0
0.5,594,0.105,0.0,-19570.0
0.5,595,0.105,0.0,-19580.0
0.5,596,0.105,0.0,-19570.0
0.5,597,0.105,0.0,-19580.0
0.5,598,0.105,0.0,-19590.0
0.5,599,0.105,0.0,-19580.0
0.5,600,0.105,0.0,-19580.0
0.5,601,0.105,0.0,-19570.0
0.5,602,0.105,0.0,-19570.0
0.5,603,0.105,0.0,-19570.0
0.5,604,0.105,0.0,-19580.0
0.5,605,0.105,0.0,-19570.0
0.5,606,0.105,0.0,-19580.0
0.5,607,0.105,0.0,-19580.0
0.5,608,0.105,0.0,-19570.0
0.5,609,0.105,0.0,-19570.0
0.5,610,0.105,0.0,-19580.0
0.5,611,0.105,0.0,-19580.0
0.5,612,0.105,0.0,-19590.0
0.5,613,0.105,0.0,-19590.0
0.5,614,0.105,0.0,-19590.0
0.5,615,0.105,0.0,-19590.0
0.5,616,0.105,0.0,-19590.0
0.5,617,0.105,0.0,-19590.0
0.5,618,0.105,0.0,-19590.0
0.5,619,0.105,0.0,-19590.0
0.5,620,0.105,0.0,-19580.0
0.5,621,0.105,0.0,-19580.0
0.5,622,0.105,0.0,-19580.0
0.5,623,0.105,0.0,-19580.0
0.5,624,0.105,0.0,-19590.0
0.5,625,0.105,0.0,-19590.0
0.5,626,0.105,0.0,-19590.0
0.5,627,0.105,0.0,-19590.0
0.5,628,0.105,0.0,-19590.0
0.5,629,0.105,0.0,-19570.0
0.5,630,0.105,0.0,-19590.0
0.5,631,0.105,0.0,-19600.0
0.5,632,0.105,0.0,-19590.0
0.5,633,0.105,0.0,-19590.0
0.5,634,0.105,0.0,-19580.0
0.5,635,0.105,0.0,-19580.0
0.5,636,0.105,0.0,-19590.0
0.5,637,0.105,0.0,-19580.0
0.5,638,0.105,0.0,-19570.0
0.5,639,0.105,0.0,-19570.0
0.5,640,0.105,0.0,-19570.0
0.5,641,0.105,0.0,-19570.0
0.5,642,0.105,0.0,-19570.0
0.5,643,0.105,0.0,-19570.0
0.5,644,0.105,0.0,-19580.0
0.5,645,0.105,0.0,-19580.0
0.5,646,0.105,0.0,-19580.0
0.5,647,0.105,0.0,-19580.0
0.5,648,0.1,0.0,-19580.0
0.5,649,0.1,0.0,-19590.0
0.5,650,0.1,0.0,-19590.0
0.5,651,0.1,0.0,-19580.0
0.5,652,0.1,0.0,-19590.0
0.5,653,0.1,0.0,-19580.0
0.5,654,0.1,0.0,-19570.0
0.5,655,0.1,0.0,-19580.0
0.5,656,0.1,0.0,-19580.0
0.5,657,0.1,0.0,-19580.0
0.5,658,0.1,0.0,-19580.0
0.5,659,0.1,0.0,-19580.0
0.5,660,0.1,0.0,-19580.0
0.5,661,0.1,0.0,-19580.0
0.5,662,0.1,0.0,-19570.0
0.5,663,0.1,0.0,-19580.0
0.5,664,0.1,0.0,-19580.0
0.5,665,0.1,0.0,-19580.0
0.5,666,0.1,0.0,-19580.0
0.5,667,0.1,0.0,-19590.0
0.5,668,0.1,0.0,-19590.0
0.5,669,0.1,0.0,-19590.0
0.5,670,0.095,0.0,-19590.0
0.5,671,0.095,0.0,-19590.0
0.5,672,0.095,0.0,-19580.0
0.5,673,0.095,0.0,-19590.0
0.5,674,0.095,0.0,-19590.0
0.5,675,0.095,0.0,-19580.0
0.5,676,0.095,0.0,-19580.0
0.5,677,0.095,0.0,-19580.0
0.5,678,0.095,0.0,-19580.0
0.5,679,0.095,0.0,-19580.0
0.5,680,0.095,0.0,-19580.0
0.5,681,0.09,0.0,-19580.0
0.5,682,0.09,0.0,-19580.0
0.5,683,0.09,0.0,-19590.0
0.5,684,0.09,0.0,-19590.0
0.5,685,0.09,0.0,-19590.0
0.5,686,0.09,0.0,-19590.0
0.5,687,0.09,0.0,-19590.0
0.5,688,0.09,0.0,-19590.0
0.5,689,0.09,0.0,-19590.0
0.5,690,0.09,0.0,-19590.0
0.5,691,0.09,0.0,-19590.0
0.5,692,0.09,0.0,-19590.0
0.5,693,0.09,0.0,-19580.0
0.5,694,0.09,0.0,-19590.0
0.5,695,0.09,0.0,-19590.0
0.5,696,0.09,0.0,-19590.0
0.5,697,0.09,0.0,-19580.0
0.5,698,0.09,0.0,-19580.0
0.5,699,0.09,0.0,-19580.0
0.5,700,0.09,0.0,-19580.0
0.5,701,0.09,0.0,-19580.0
0.5,702,0.09,0.0,-19580.0
0.5,703,0.09,0.0,-19580.0
0.5,704,0.09,0.0,-19590.0
0.5,705,0.09,0.0,-19590.0
0.5,706,0.09,0.0,-19590.0
0.5,707,0.09,0.0,-19590.0
0.5,708,0.09,0.0,-19590.0
0.5,709,0.09,0.0,-19580.0
0.5,710,0.09,0.0,-19590.0
0.5,711,0.09,0.0,-19580.0
0.5,712,0.09,0.0,-19580.0
0.5,713,0.09,0.0,-19580.0
0.5,714,0.09,0.0,-19580.0
0.5,715,0.09,0.0,-19580.0
0.5,716,0.09,0.0,-19580.0
0.5,717,0.09,0.0,-19580.0
0.5,718,0.09,0.0,-19580.0
0.5,719,0.09,0.0,-19580.0
0.5,720,0.09,0.0,-19580.0
0.5,721,0.09,0.0,-19590.0
0.5,722,0.09,0.0,-19580.0
0.5,723,0.09,0.0,-19580.0
0.5,724,0.09,0.0,-19590.0
0.5,725,0.09,0.0,-19590.0
0.5,726,0.09,0.0,-19590.0
0.5,727,0.09,0.0,-19590.0
0.5,728,0.09,0.0,-19590.0
0.5,729,0.09,0.0,-19590.0
0.5,730,0.09,0.0,-19590.0
0.5,731,0.09,0.0,-19590.0
0.5,732,0.09,0.0,-19600.0
0.5,733,0.09,0.0,-19600.0
0.5,734,0.09,0.0,-19590.0
0.5,735,0.09,0.0,-19590.0
0.5,736,0.09,0.0,-19590.0
0.5,737,0.09,0.0,-19590.0
0.5,738,0.09,0.0,-19590.0
0.5,739,0.09,0.0,-19590.0
0.5,740,0.09,0.0,-19590.0
0.5,741,0.09,0.0,-19580.0
0.5,742,0.09,0.0,-19580.0
0.5,743,0.09,0.0,-19590.0
0.5,744,0.09,0.0,-19590.0
0.5,745,0.09,0.0,-19590.0
0.5,746,0.09,0.0,-19590.0
0.5,747,0.09,0.0,-19590.0
0.5,748,0.09,0.0,-19580.0
0.5,749,0.09,0.0,-19580.0
0.5,750,0.09,0.0,-19590.0
0.5,751,0.09,0.0,-19580.0
0.5,752,0.09,0.0,-19580.0
0.5,753,0.09,0.0,-19580.0
0.5,754,0.09,0.0,-19590.0
0.5,755,0.09,0.0,-19590.0
0.5,756,0.09,0.0,-19590.0
0.5,757,0.09,0.0,-19590.0
0.5,758,0.09,0.0,-19590.0
0.5,759,0.09,0.0,-19590.0
0.5,760,0.09,0.0,-19600.0
0.5,761,0.09,0.0,-19590.0
0.5,762,0.09,0.0,-19590.0
0.5,763,0.09,0.0,-19590.0
0.5,764,0.09,0.0,-19580.0
0.5,765,0.09,0.0,-19580.0
0.5,766,0.09,0.0,-19590.0
0.5,767,0.09,0.0,-19580.0
0.5,768,0.09,0.0,-19580.0
0.5,769,0.09,0.0,-19570.0
0.5,770,0.09,0.0,-19570.0
0.5,771,0.09,0.0,-19580.0
0.5,772,0.09,0.0,-19570.0
0.5,773,0.09,0.0,-19570.0
0.5,774,0.09,0.0,-19580.0
0.5,775,0.09,0.0,-19580.0
0.5,776,0.09,0.0,-19580.0
0.5,777,0.09,0.0,-19570.0
0.5,778,0.09,0.0,-19580.0
0.5,779,0.09,0.0,-19590.0
0.5,780,0.09,0.0,-19590.0
0.5,781,0.09,0.0,-19590.0
0.5,782,0.09,0.0,-19580.0
0.5,783,0.09,0.0,-19580.0
0.5,784,0.09,0.0,-19580.0
0.5,785,0.09,0.0,-19570.0
0.5,786,0.09,0.0,-19580.0
0.5,787,0.09,0.0,-19580.0
0.5,788,0.09,0.0,-19580.0
0.5,789,0.09,0.0,-19560.0
0.5,790,0.09,0.0,-19560.0
0.5,791,0.09,0.0,-19560.0
0.5,792,0.09,0.0,-19580.0
0.5,793,0.09,0.0,-19580.0
0.5,794,0.09,0.0,-19580.0
0.5,795,0.09,0.0,-19570.0
0.5,796,0.09,0.0,-19570.0
0.5,797,0.09,0.0,-19560.0
0.5,798,0.09,0.0,-19570.0
0.5,799,0.09,0.0,-19580.0
0.5,800,0.09,0.0,-19570.0
0.5,801,0.085,0.0,-19580.0
0.5,802,0.085,0.0,-19570.0
0.5,803,0.085,0.0,-19570.0
0.5,804,0.085,0.0,-19560.0
0.5,805,0.085,0.0,-19560.0
0.5,806,0.085,0.0,-19560.0
0.5,807,0.085,0.0,-19560.0
0.5,808,0.085,0.0,-19560.0
0.5,809,0.085,0.0,-19560.0
0.5,810,0.085,0.0,-19560.0
0.5,811,0.085,0.0,-19560.0
0.5,812,0.085,0.0,-19560.0
0.5,813,0.085,0.0,-19560.0
0.5,814,0.085,0.0,-19560.0
0.5,815,0.085,0.0,-19560.0
0.5,816,0.085,0.0,-19560.0
0.5,817,0.085,0.0,-19560.0
0.5,818,0.085,0.0,-19560.0
0.5,819,0.085,0.0,-19560.0
0.5,820,0.085,0.0,-19560.0
0.5,821,0.085,0.0,-19560.0
0.5,822,0.085,0.0,-19570.0
0.5,823,0.085,0.0,-19570.0
0.5,824,0.085,0.0,-19580.0
0.5,825,0.085,0.0,-19570.0
0.5,826,0.085,0.0,-19560.0
0.5,827,0.085,0.0,-19570.0
0.5,828,0.085,0.0,-19570.0
0.5,829,0.085,0.0,-19570.0
0.5,830,0.085,0.0,-19570.0
0.5,831,0.085,0.0,-19580.0
0.5,832,0.08,0.0,-19690.0
0.5,833,0.08,0.0,-19690.0
0.5,834,0.08,0.0,-19690.0
0.5,835,0.08,0.0,-19680.0
0.5,836,0.08,0.0,-19680.0
0.5,837,0.08,0.0,-19690.0
0.5,838,0.08,0.0,-19680.0
0.5,839,0.08,0.0,-19690.0
0.5,840,0.08,0.0,-19680.0
0.5,841,0.08,0.0,-19690.0
0.5,842,0.08,0.0,-19690.0
0.5,843,0.08,0.0,-19700.0
0.5,844,0.08,0.0,-19690.0
0.5,845,0.08,0.0,-19690.0
0.5,846,0.08,0.0,-19680.0
0.5,847,0.08,0.0,-19690.0
0.5,848,0.08,0.0,-19690.0
0.5,849,0.08,0.0,-19690.0
0.5,850,0.08,0.0,-19690.0
0.5,851,0.08,0.0,-19680.0
0.5,852,0.08,0.0,-19680.0
0.5,853,0.08,0.0,-19690.0
0.5,854,0.08,0.0,-19670.0
0.5,855,0.08,0.0,-19680.0
0.5,856,0.08,0.0,-19680.0
0.5,857,0.08,0.0,-19680.0
0.5,858,0.08,0.0,-19690.0
0.5,859,0.08,0.0,-19690.0
0.5,860,0.08,0.0,-19690.0
0.5,861,0.08,0.0,-19690.0
0.5,862,0.08,0.0,-19690.0
0.5,863,0.08,0.0,-19690.0
0.5,864,0.08,0.0,-19690.0
0.5,865,0.08,0.0,-19690.0
0.5,866,0.08,0.0,-19690.0
0.5,867,0.08,0.0,-19690.0
0.5,868,0.08,0.0,-19690.0
0.5,869,0.08,0.0,-19690.0
0.5,870,0.08,0.0,-19690.0
0.5,871,0.08,0.0,-19690.0
0.5,872,0.08,0.0,-19690.0
0.5,873,0.08,0.0,-19690.0
0.5,874,0.08,0.0,-19690.0
0.5,875,0.08,0.0,-19680.0
0.5,876,0.08,0.0,-19690.0
0.5,877,0.08,0.0,-19690.0
0.5,878,0.08,0.0,-19690.0
0.5,879,0.08,0.0,-19690.0
0.5,880,0.08,0.0,-19680.0
0.5,881,0.08,0.0,-19680.0
0.5,882,0.08,0.0,-19680.0
0.5,883,0.08,0.0,-19690.0
0.5,884,0.08,0.0,-19690.0
0.5,885,0.08,0.0,-19680.0
0.5,886,0.08,0.0,-19680.0
0.5,887,0.08,0.0,-19680.0
0.5,888,0.08,0.0,-19680.0
0.5,889,0.08,0.0,-19680.0
0.5,890,0.08,0.0,-19690.0
0.5,891,0.08,0.0,-19690.0
0.5,892,0.08,0.0,-19690.0
0.5,893,0.08,0.0,-19690.0
0.5,894,0.08,0.0,-19690.0
0.5,895,0.08,0.0,-19680.0
0.5,896,0.08,0.0,-19690.0
0.5,897,0.08,0.0,-19690.0
0.5,898,0.08,0.0,-19690.0
0.5,899,0.08,0.0,-19690.0
0.5,900,0.08,0.0,-19700.0
0.5,901,0.08,0.0,-19700.0
0.5,902,0.08,0.0,-19690.0
0.5,903,0.08,0.0,-19690.0
0.5,904,0.08,0.0,-19680.0
0.5,905,0.08,0.0,-19670.0
0.5,906,0.08,0.0,-19680.0
0.5,907,0.08,0.0,-19680.0
0.5,908,0.08,0.0,-19670.0
0.5,909,0.08,0.0,-19670.0
0.5,910,0.08,0.0,-19670.0
0.5,911,0.08,0.0,-19670.0
0.5,912,0.08,0.0,-19670.0
0.5,913,0.08,0.0,-19670.0
0.5,914,0.08,0.0,-19680.0
0.5,915,0.08,0.0,-19680.0
0.5,916,0.08,0.0,-19680.0
0.5,917,0.08,0.0,-19680.0
0.5,918,0.08,0.0,-19680.0
0.5,919,0.08,0.0,-19680.0
0.5,920,0.08,0.0,-19680.0
0.5,921,0.08,0.0,-19680.0
0.5,922,0.08,0.0,-19680.0
0.5,923,0.08,0.0,-19680.0
0.5,924,0.08,0.0,-19680.0
0.5,925,0.08,0.0,-19680.0
0.5,926,0.08,0.0,-19680.0
0.5,927,0.08,0.0,-19680.0
0.5,928,0.08,0.0,-19680.0
0.5,929,0.08,0.0,-19680.0
0.5,930,0.08,0.0,-19680.0
0.5,931,0.08,0.0,-19680.0
0.5,932,0.08,0.0,-19690.0
0.5,933,0.08,0.0,-19680.0
0.5,934,0.08,0.0,-19690.0
0.5,935,0.08,0.0,-19690.0
0.5,936,0.08,0.0,-19690.0
0.5,937,0.08,0.0,-19690.0
0.5,938,0.08,0.0,-19700.0
0.5,939,0.08,0.0,-19700.0
0.5,940,0.08,0.0,-19700.0
0.5,941,0.08,0.0,-19690.0
0.5,942,0.08,0.0,-19690.0
0.5,943,0.08,0.0,-19690.0
0.5,944,0.08,0.0,-19680.0
0.5,945,0.08,0.0,-19680.0
0.5,946,0.08,0.0,-19680.0
0.5,947,0.08,0.0,-19680.0
0.5,948,0.08,0.0,-19680.0
0.5,949,0.08,0.0,-19680.0
0.5,950,0.08,0.0,-19690.0
0.5,951,0.08,0.0,-19690.0
0.5,952,0.08,0.0,-19680.0
0.5,953,0.08,0.0,-19680.0
0.5,954,0.08,0.0,-19680.0
0.5,955,0.08,0.0,-19670.0
0.5,956,0.08,0.0,-19680.0
0.5,957,0.08,0.0,-19680.0
0.5,958,0.08,0.0,-19680.0
0.5,959,0.08,0.0,-19680.0
0.5,960,0.08,0.0,-19680.0
0.5,961,0.08,0.0,-19680.0
0.5,962,0.08,0.0,-19680.0
0.5,963,0.08,0.0,-19680.0
0.5,964,0.08,0.0,-19680.0
0.5,965,0.08,0.0,-19680.0
0.5,966,0.08,0.0,-19680.0
0.5,967,0.08,0.0,-19680.0
0.5,968,0.08,0.0,-19680.0
0.5,969,0.08,0.0,-19680.0
0.5,970,0.08,0.0,-19680.0
0.5,971,0.08,0.0,-19680.0
0.5,972,0.08,0.0,-19690.0
0.5,973,0.08,0.0,-19690.0
0.5,974,0.08,0.0,-19690.0
0.5,975,0.08,0.0,-19690.0
0.5,976,0.08,0.0,-19690.0
0.5,977,0.08,0.0,-19690.0
0.5,978,0.08,0.0,-19690.0
0.5,979,0.08,0.0,-19680.0
0.5,980,0.08,0.0,-19690.0
0.5,981,0.08,0.0,-19680.0
0.5,982,0.08,0.0,-19700.0
0.5,983,0.08,0.0,-19700.0
0.5,984,0.08,0.0,-19700.0
0.5,985,0.08,0.0,-19690.0
0.5,986,0.08,0.0,-19690.0
0.5,987,0.08,0.0,-19680.0
0.5,988,0.08,0.0,-19680.0
0.5,989,0.08,0.0,-19690.0
0.5,990,0.08,0.0,-19690.0
0.5,991,0.08,0.0,-19690.0
0.5,992,0.08,0.0,-19680.0
0.5,993,0.08,0.0,-19690.0
0.5,994,0.08,0.0,-19690.0
0.5,995,0.075,0.0,-19690.0
0.5,996,0.075,0.0,-19690.0
0.5,997,0.075,0.0,-19680.0
0.5,998,0.075,0.0,-19680.0
0.5,999,0.075,0.0,-19690.0
1.0,0,1.25,0.0,-14760.0
1.0,1,1.22,0.0,-14920.0
1.0,2,1.195,0.0,-14940.0
1.0,3,1.155,0.0,-15245.0
1.0,4,1.085,0.0,-15610.0
1.0,5,1.035,0.0,-15895.0
1.0,6,1.005,0.0,-16025.0
1.0,7,0.945,0.0,-15985.0
1.0,8,0.92,0.0,-16215.0
1.0,9,0.9,0.0,-16275.0
1.0,10,0.88,0.0,-16300.0
1.0,11,0.845,0.0,-16500.0
1.0,12,0.81,0.0,-16765.0
1.0,13,0.8,0.0,-16845.0
1.0,14,0.79,0.0,-16895.0
1.0,15,0.77,0.0,-16855.0
1.0,16,0.745,0.0,-17035.0
1.0,17,0.715,0.0,-17165.0
1.0,18,0.71,0.0,-17135.0
1.0,19,0.7,0.0,-17325.0
1.0,20,0.685,0.0,-17385.0
1.0,21,0.675,0.0,-17500.0
1.0,22,0.665,0.0,-17600.0
1.0,23,0.65,0.0,-17580.0
1.0,24,0.64,0.0,-17540.0
1.0,25,0.63,0.0,-17570.0
1.0,26,0.61,0.0,-17770.0
1.0,27,0.6,0.0,-17790.0
1.0,28,0.59,0.0,-17780.0
1.0,29,0.575,0.0,-17900.0
1.0,30,0.555,0.0,-17910.0
1.0,31,0.545,0.0,-17910.0
1.0,32,0.525,0.0,-17940.0
1.0,33,0.52,0.0,-17880.0
1.0,34,0.515,0.0,-18005.0
1.0,35,0.5,0.0,-17985.0
1.0,36,0.495,0.0,-18135.0
1.0,37,0.495,0.0,-18105.0
1.0,38,0.49,0.0,-18095.0
1.0,39,0.48,0.0,-18125.0
1.0,40,0.47,0.0,-18115.0
1.0,41,0.455,0.0,-18235.0
1.0,42,0.455,0.0,-18205.0
1.0,43,0.445,0.0,-18195.0
1.0,44,0.44,0.0,-18255.0
1.0,45,0.44,0.0,-18205.0
1.0,46,0.435,0.0,-18215.0
1.0,47,0.43,0.0,-18255.0
1.0,48,0.43,0.0,-18275.0
1.0,49,0.425,0.0,-18345.0
1.0,50,0.425,0.0,-18325.0
1.0,51,0.425,0.0,-18265.0
1.0,52,0.42,0.0,-18305.0
1.0,53,0.415,0.0,-18285.0
1.0,54,0.405,0.0,-18305.0
1.0,55,0.4,0.0,-18315.0
1.0,56,0.395,0.0,-18315.0
1.0,57,0.39,0.0,-18435.0
1.0,58,0.39,0.0,-18405.0
1.0,59,0.39,0.0,-18415.0
1.0,60,0.39,0.0,-18415.0
1.0,61,0.38,0.0,-18535.0
1.0,62,0.38,0.0,-18525.0
1.0,63,0.375,0.0,-18545.0
1.0,64,0.375,0.0,-18535.0
1.0,65,0.375,0.0,-18525.0
1.0,66,0.375,0.0,-18535.0
1.0,67,0.37,0.0,-18620.0
1.0,68,0.37,0.0,-18640.0
1.0,69,0.37,0.0,-18600.0
1.0,70,0.36,0.0,-18610.0
1.0,71,0.355,0.0,-18750.0
1.0,72,0.355,0.0,-18770.0
1.0,73,0.35,0.0,-18750.0
1.0,74,0.335,0.0,-18870.0
1.0,75,0.33,0.0,-18940.0
1.0,76,0.325,0.0,-18920.0
1.0,77,0.325,0.0,-18910.0
1.0,78,0.325,0.0,-18920.0
1.0,79,0.325,0.0,-18940.0
1.0,80,0.32,0.0,-18930.0
1.0,81,0.315,0.0,-19030.0
1.0,82,0.315,0.0,-19060.0
1.0,83,0.315,0.0,-19050.0
1.0,84,0.315,0.0,-19060.0
1.0,85,0.315,0.0,-19040.0
1.0,86,0.315,0.0,-19050.0
1.0,87,0.315,0.0,-19070.0
1.0,88,0.315,0.0,-19060.0
1.0,89,0.31,0.0,-19060.0
1.0,90,0.31,0.0,-19090.0
1.0,91,0.305,0.0,-19080.0
1.0,92,0.305,0.0,-19080.0
1.0,93,0.305,0.0,-19070.0
1.0,94,0.305,0.0,-19050.0
1.0,95,0.305,0.0,-19070.0
1.0,96,0.305,0.0,-19060.0
1.0,97,0.305,0.0,-19070.0
1.0,98,0.305,0.0,-19060.0
1.0,99,0.3,0.0,-19180.0
1.0,100,0.3,0.0,-19170.0
1.0,101,0.3,0.0,-19160.0
1.0,102,0.3,0.0,-19160.0
1.0,103,0.3,0.0,-19140.0
1.0,104,0.29,0.0,-19150.0
1.0,105,0.29,0.0,-19150.0
1.0,106,0.29,0.0,-19160.0
1.0,107,0.29,0.0,-19170.0
1.0,108,0.29,0.0,-19170.0
1.0,109,0.29,0.0,-19160.0
1.0,110,0.29,0.0,-19160.0
1.0,111,0.285,0.0,-19160.0
1.0,112,0.28,0.0,-19140.0
1.0,113,0.28,0.0,-19140.0
1.0,114,0.28,0.0,-19160.0
1.0,115,0.275,0.0,-19260.0
1.0,116,0.275,0.0,-19250.0
1.0,117,0.275,0.0,-19240.0
1.0,118,0.275,0.0,-19250.0
1.0,119,0.275,0.0,-19240.0
1.0,120,0.275,0.0,-19250.0
1.0,121,0.27,0.0,-19260.0
1.0,122,0.27,0.0,-19250.0
1.0,123,0.27,0.0,-19250.0
1.0,124,0.265,0.0,-19240.0
1.0,125,0.265,0.0,-19250.0
1.0,126,0.265,0.0,-19260.0
1.0,127,0.265,0.0,-19250.0
1.0,128,0.26,0.0,-19270.0
1.0,129,0.255,0.0,-19270.0
1.0,130,0.255,0.0,-19280.0
1.0,131,0.255,0.0,-19270.0
1.0,132,0.255,0.0,-19250.0
1.0,133,0.255,0.0,-19260.0
1.0,134,0.255,0.0,-19250.0
1.0,135,0.25,0.0,-19260.0
1.0,136,0.25,0.0,-19270.0
1.0,137,0.24,0.0,-19260.0
1.0,138,0.24,0.0,-19270.0
1.0,139,0.24,0.0,-19270.0
1.0,140,0.24,0.0,-19260.0
1.0,141,0.24,0.0,-19280.0
1.0,142,0.24,0.0,-19270.0
1.0,143,0.24,0.0,-19250.0
1.0,144,0.24,0.0,-19260.0
1.0,145,0.235,0.0,-19270.0
1.0,146,0.235,0.0,-19280.0
1.0,147,0.235,0.0,-19270.0
1.0,148,0.235,0.0,-19270.0
1.0,149,0.235,0.0,-19270.0
1.0,150,0.235,0.0,-19250.0
1.0,151,0.235,0.0,-19270.0
1.0,152,0.235,0.0,-19280.0
1.0,153,0.235,0.0,-19260.0
1.0,154,0.235,0.0,-19270.0
1.0,155,0.235,0.0,-19280.0
1.0,156,0.23,0.0,-19280.0
1.0,157,0.23,0.0,-19270.0
1.0,158,0.23,0.0,-19260.0
1.0,159,0.23,0.0,-19260.0
1.0,160,0.23,0.0,-19250.0
1.0,161,0.23,0.0,-19240.0
1.0,162,0.23,0.0,-19250.0
1.0,163,0.23,0.0,-19260.0
1.0,164,0.23,0.0,-19260.0
1.0,165,0.23,0.0,-19270.0
1.0,166,0.23,0.0,-19270.0
1.0,167,0.23,0.0,-19250.0
1.0,168,0.23,0.0,-19260.0
1.0,169,0.23,0.0,-19240.0
1.0,170,0.23,0.0,-19240.0
1.0,171,0.23,0.0,-19240.0
1.0,172,0.23,0.0,-19240.0
1.0,173,0.23,0.0,-19240.0
1.0,174,0.23,0.0,-19270.0
1.0,175,0.23,0.0,-19260.0
1.0,176,0.23,0.0,-19270.0
1.0,177,0.23,0.0,-19270.0
1.0,178,0.23,0.0,-19250.0
1.0,179,0.23,0.0,-19260.0
1.0,180,0.23,0.0,-19240.0
1.0,181,0.225,0.0,-19260.0
1.0,182,0.225,0.0,-19260.0
1.0,183,0.225,0.0,-19250.0
1.0,184,0.225,0.0,-19260.0
1.0,185,0.22,0.0,-19260.0
1.0,186,0.22,0.0,-19270.0
1.0,187,0.22,0.0,-19270.0
1.0,188,0.22,0.0,-19260.0
1.0,189,0.22,0.0,-19250.0
1.0,190,0.22,0.0,-19270.0
1.0,191,0.22,0.0,-19270.0
1.0,192,0.22,0.0,-19260.0
1.0,193,0.22,0.0,-19270.0
1.0,194,0.22,0.0,-19260.0
1.0,195,0.22,0.0,-19270.0
1.0,196,0.22,0.0,-19270.0
1.0,197,0.22,0.0,-19240.0
1.0,198,0.22,0.0,-19250.0
1.0,199,0.215,0.0,-19250.0
1.0,200,0.215,0.0,-19250.0
1.0,201,0.215,0.0,-19250.0
1.0,202,0.215,0.0,-19250.0
1.0,203,0.215,0.0,-19280.0
1.0,204,0.215,0.0,-19260.0
1.0,205,0.215,0.0,-19270.0
1.0,206,0.215,0.0,-19290.0
1.0,207,0.215,0.0,-19270.0
1.0,208,0.215,0.0,-19270.0
1.0,209,0.215,0.0,-19260.0
1.0,210,0.215,0.0,-19270.0
1.0,211,0.215,0.0,-19280.0
1.0,212,0.21,0.0,-19360.0
1.0,213,0.21,0.0,-19390.0
1.0,214,0.21,0.0,-19360.0
1.0,215,0.21,0.0,-19370.0
1.0,216,0.21,0.0,-19380.0
1.0,217,0.21,0.0,-19380.0
1.0,218,0.21,0.0,-19380.0
1.0,219,0.21,0.0,-19370.0
1.0,220,0.21,0.0,-19380.0
1.0,221,0.21,0.0,-19390.0
1.0,222,0.21,0.0,-19380.0
1.0,223,0.205,0.0,-19380.0
1.0,224,0.205,0.0,-19380.0
1.0,225,0.205,0.0,-19370.0
1.0,226,0.205,0.0,-19370.0
1.0,227,0.2,0.0,-19360.0
1.0,228,0.2,0.0,-19350.0
1.0,229,0.2,0.0,-19360.0
1.0,230,0.2,0.0,-19360.0
1.0,231,0.2,0.0,-19360.0
1.0,232,0.2,0.0,-19360.0
1.0,233,0.2,0.0,-19350.0
1.0,234,0.2,0.0,-19360.0
1.0,235,0.2,0.0,-19370.0
1.0,236,0.2,0.0,-19350.0
1.0,237,0.2,0.0,-19370.0
1.0,238,0.2,0.0,-19370.0
1.0,239,0.2,0.0,-19370.0
1.0,240,0.2,0.0,-19370.0
1.0,241,0.2,0.0,-19380.0
1.0,242,0.2,0.0,-19370.0
1.0,243,0.2,0.0,-19350.0
1.0,244,0.2,0.0,-19350.0
1.0,245,0.2,0.0,-19340.0
1.0,246,0.2,0.0,-19350.0
1.0,247,0.2,0.0,-19360.0
1.0,248,0.2,0.0,-19360.0
1.0,249,0.2,0.0,-19380.0
1.0,250,0.2,0.0,-19380.0
1.0,251,0.2,0.0,-19390.0
1.0,252,0.195,0.0,-19380.0
1.0,253,0.195,0.0,-19380.0
1.0,254,0.195,0.0,-19380.0
1.0,255,0.195,0.0,-19370.0
1.0,256,0.195,0.0,-19370.0
1.0,257,0.195,0.0,-19370.0
1.0,258,0.19,0.0,-19380.0
1.0,259,0.19,0.0,-19370.0
1.0,260,0.19,0.0,-19370.0
1.0,261,0.19,0.0,-19360.0
1.0,262,0.19,0.0,-19390.0
1.0,263,0.19,0.0,-19370.0
1.0,264,0.19,0.0,-19380.0
1.0,265,0.19,0.0,-19360.0
1.0,266,0.19,0.0,-19360.0
1.0,267,0.19,0.0,-19360.0
1.0,268,0.19,0.0,-19360.0
1.0,269,0.19,0.0,-19380.0
1.0,270,0.19,0.0,-19380.0
1.0,271,0.19,0.0,-19370.0
1.0,272,0.19,0.0,-19370.0
1.0,273,0.19,0.0,-19360.0
1.0,274,0.19,0.0,-19370.0
1.0,275,0.185,0.0,-19370.0
1.0,276,0.185,0.0,-19370.0
1.0,277,0.185,0.0,-19360.0
1.0,278,0.185,0.0,-19360.0
1.0,279,0.185,0.0,-19370.0
1.0,280,0.185,0.0,-19370.0
1.0,281,0.185,0.0,-19370.0
1.0,282,0.18,0.0,-19470.0
1.0,283,0.18,0.0,-19490.0
1.0,284,0.18,0.0,-19480.0
1.0,285,0.18,0.0,-19490.0
1.0,286,0.18,0.0,-19480.0
1.0,287,0.18,0.0,-19480.0
1.0,288,0.175,0.0,-19470.0
1.0,289,0.175,0.0,-19470.0
1.0,290,0.175,0.0,-19470.0
1.0,291,0.175,0.0,-19470.0
1.0,292,0.175,0.0,-19480.0
1.0,293,0.17,0.0,-19480.0
1.0,294,0.17,0.0,-19470.0
1.0,295,0.17,0.0,-19480.0
1.0,296,0.17,0.0,-19470.0
1.0,297,0.17,0.0,-19470.0
1.0,298,0.17,0.0,-19470.0
1.0,299,0.17,0.0,-19480.0
1.0,300,0.17,0.0,-19480.0
1.0,301,0.17,0.0,-19480.0
1.0,302,0.17,0.0,-19480.0
1.0,303,0.17,0.0,-19470.0
1.0,304,0.17,0.0,-19480.0
1.0,305,0.17,0.0,-19480.0
1.0,306,0.17,0.0,-19480.0
1.0,307,0.17,0.0,-19460.0
1.0,308,0.17,0.0,-19480.0
1.0,309,0.17,0.0,-19480.0
1.0,310,0.17,0.0,-19480.0
1.0,311,0.165,0.0,-19480.0
1.0,312,0.165,0.0,-19470.0
1.0,313,0.165,0.0,-19470.0
1.0,314,0.165,0.0,-19470.0
1.0,315,0.165,0.0,-19470.0
1.0,316,0.165,0.0,-19480.0
1.0,317,0.165,0.0,-19480.0
1.0,318,0.165,0.0,-19470.0
1.0,319,0.165,0.0,-19480.0
1.0,320,0.165,0.0,-19480.0
1.0,321,0.165,0.0,-19480.0
1.0,322,0.165,0.0,-19490.0
1.0,323,0.165,0.0,-19490.0
1.0,324,0.165,0.0,-19490.0
1.0,325,0.165,0.0,-19480.0
1.0,326,0.165,0.0,-19480.0
1.0,327,0.165,0.0,-19480.0
1.0,328,0.165,0.0,-19470.0
1.0,329,0.165,0.0,-19460.0
1.0,330,0.165,0.0,-19460.0
1.0,331,0.165,0.0,-19480.0
1.0,332,0.165,0.0,-19470.0
1.0,333,0.165,0.0,-19480.0
1.0,334,0.165,0.0,-19470.0
1.0,335,0.165,0.0,-19480.0
1.0,336,0.165,0.0,-19460.0
1.0,337,0.165,0.0,-19480.0
1.0,338,0.165,0.0,-19460.0
1.0,339,0.165,0.0,-19460.0
1.0,340,0.165,0.0,-19470.0
1.0,341,0.165,0.0,-19480.0
1.0,342,0.16,0.0,-19480.0
1.0,343,0.16,0.0,-19480.0
1.0,344,0.16,0.0,-19480.0
1.0,345,0.16,0.0,-19480.0
1.0,346,0.16,0.0,-19490.0
1.0,347,0.16,0.0,-19490.0
1.0,348,0.16,0.0,-19480.0
1.0,349,0.16,0.0,-19480.0
1.0,350,0.16,0.0,-19470.0
1.0,351,0.16,0.0,-19470.0
1.0,352,0.16,0.0,-19470.0
1.0,353,0.16,0.0,-19470.0
1.0,354,0.16,0.0,-19480.0
1.0,355,0.16,0.0,-19470.0
1.0,356,0.155,0.0,-19460.0
1.0,357,0.14,0.0,-19470.0
1.0,358,0.14,0.0,-19450.0
1.0,359,0.14,0.0,-19470.0
1.0,360,0.14,0.0,-19460.0
1.0,361,0.14,0.0,-19450.0
1.0,362,0.14,0.0,-19470.0
1.0,363,0.14,0.0,-19460.0
1.0,364,0.14,0.0,-19470.0
1.0,365,0.14,0.0,-19470.0
1.0,366,0.14,0.0,-19470.0
1.0,367,0.14,0.0,-19470.0
1.0,368,0.14,0.0,-19470.0
1.0,369,0.14,0.0,-19450.0
1.0,370,0.135,0.0,-19470.0
1.0,371,0.135,0.0,-19460.0
1.0,372,0.135,0.0,-19450.0
1.0,373,0.135,0.0,-19460.0
1.0,374,0.135,0.0,-19470.0
1.0,375,0.135,0.0,-19450.0
1.0,376,0.135,0.0,-19460.0
1.0,377,0.135,0.0,-19450.0
1.0,378,0.135,0.0,-19460.0
1.0,379,0.135,0.0,-19460.0
1.0,380,0.135,0.0,-19460.0
1.0,381,0.135,0.0,-19450.0
1.0,382,0.135,0.0,-19470.0
1.0,383,0.135,0.0,-19460.0
1.0,384,0.135,0.0,-19480.0
1.0,385,0.13,0.0,-19470.0
1.0,386,0.13,0.0,-19470.0
1.0,387,0.13,0.0,-19470.0
1.0,388,0.13,0.0,-19470.0
1.0,389,0.13,0.0,-19480.0
1.0,390,0.125,0.0,-19470.0
1.0,391,0.125,0.0,-19460.0
1.0,392,0.125,0.0,-19480.0
1.0,393,0.12,0.0,-19480.0
1.0,394,0.12,0.0,-19480.0
1.0,395,0.12,0.0,-19480.0
1.0,396,0.12,0.0,-19480.0
1.0,397,0.12,0.0,-19480.0
1.0,398,0.12,0.0,-19460.0
1.0,399,0.12,0.0,-19460.0
1.0,400,0.12,0.0,-19460.0
1.0,401,0.12,0.0,-19460.0
1.0,402,0.12,0.0,-19460.0
1.0,403,0.12,0.0,-19470.0
1.0,404,0.12,0.0,-19460.0
1.0,405,0.12,0.0,-19470.0
1.0,406,0.12,0.0,-19470.0
1.0,407,0.12,0.0,-19470.0
1.0,408,0.12,0.0,-19470.0
1.0,409,0.12,0.0,-19480.0
1.0,410,0.12,0.0,-19480.0
1.0,411,0.12,0.0,-19480.0
1.0,412,0.12,0.0,-19470.0
1.0,413,0.12,0.0,-19470.0
1.0,414,0.12,0.0,-19460.0
1.0,415,0.12,0.0,-19470.0
1.0,416,0.12,0.0,-19460.0
1.0,417,0.12,0.0,-19480.0
1.0,418,0.12,0.0,-19480.0
1.0,419,0.12,0.0,-19470.0
1.0,420,0.12,0.0,-19480.0
1.0,421,0.12,0.0,-19480.0
1.0,422,0.12,0.0,-19480.0
1.0,423,0.12,0.0,-19470.0
1.0,424,0.12,0.0,-19480.0
1.0,425,0.115,0.0,-19480.0
1.0,426,0.115,0.0,-19480.0
1.0,427,0.115,0.0,-19490.0
1.0,428,0.115,0.0,-19490.0
1.0,429,0.115,0.0,-19500.0
1.0,430,0.115,0.0,-19490.0
1.0,431,0.115,0.0,-19490.0
1.0,432,0.115,0.0,-19480.0
1.0,433,0.115,0.0,-19480.0
1.0,434,0.115,0.0,-19480.0
1.0,435,0.115,0.0,-19470.0
1.0,436,0.115,0.0,-19480.0
1.0,437,0.115,0.0,-19480.0
1.0,438,0.115,0.0,-19470.0
1.0,439,0.115,0.0,-19470.0
1.0,440,0.11,0.0,-19480.0
1.0,441,0.11,0.0,-19470.0
1.0,442,0.11,0.0,-19480.0
1.0,443,0.11,0.0,-19470.0
1.0,444,0.11,0.0,-19470.0
1.0,445,0.11,0.0,-19460.0
1.0,446,0.11,0.0,-19470.0
1.0,447,0.11,0.0,-19480.0
1.0,448,0.11,0.0,-19480.0
1.0,449,0.11,0.0,-19480.0
1.0,450,0.11,0.0,-19480.0
1.0,451,0.11,0.0,-19470.0
1.0,452,0.11,0.0,-19470.0
1.0,453,0.11,0.0,-19470.0
1.0,454,0.11,0.0,-19470.0
1.0,455,0.11,0.0,-19460.0
1.0,456,0.11,0.0,-19460.0
1.0,457,0.11,0.0,-19460.0
1.0,458,0.11,0.0,-19460.0
1.0,459,0.11,0.0,-19460.0
1.0,460,0.11,0.0,-19470.0
1.0,461,0.11,0.0,-19470.0
1.0,462,0.11,0.0,-19480.0
1.0,463,0.11,0.0,-19470.0
1.0,464,0.11,0.0,-19470.0
1.0,465,0.11,0.0,-19460.0
1.0,466,0.11,0.0,-19470.0
1.0,467,0.11,0.0,-19470.0
1.0,468,0.11,0.0,-19470.0
1.0,469,0.11,0.0,-19470.0
1.0,470,0.11,0.0,-19470.0
1.0,471,0.11,0.0,-19470.0
1.0,472,0.11,0.0,-19470.0
1.0,473,0.11,0.0,-19470.0
1.0,474,0.11,0.0,-19470.0
1.0,475,0.11,0.0,-19470.0
1.0,476,0.11,0.0,-19470.0
1.0,477,0.11,0.0,-19470.0
1.0,478,0.11,0.0,-19470.0
1.0,479,0.11,0.0,-19470.0
1.0,480,0.11,0.0,-19470.0
1.0,481,0.11,0.0,-19470.0
1.0,482,0.11,0.0,-19470.0
1.0,483,0.11,0.0,-19460.0
1.0,484,0.11,0.0,-19470.0
1.0,485,0.11,0.0,-19470.0
1.0,486,0.11,0.0,-19480.0
1.0,487,0.11,0.0,-19480.0
1.0,488,0.11,0.0,-19470.0
1.0,489,0.11,0.0,-19480.0
1.0,490,0.11,0.0,-19480.0
1.0,491,0.11,0.0,-19480.0
1.0,492,0.11,0.0,-19480.0
1.0,493,0.11,0.0,-19470.0
1.0,494,0.11,0.0,-19470.0
1.0,495,0.11,0.0,-19480.0
1.0,496,0.11,0.0,-19470.0
1.0,497,0.11,0.0,-19470.0
1.0,498,0.11,0.0,-19470.0
1.0,499,0.11,0.0,-19480.0
1.0,500,0.11,0.0,-19480.0
1.0,501,0.11,0.0,-19480.0
1.0,502,0.11,0.0,-19490.0
1.0,503,0.11,0.0,-19470.0
1.0,504,0.11,0.0,-19480.0
1.0,505,0.11,0.0,-19480.0
1.0,506,0.11,0.0,-19470.0
1.0,507,0.11,0.0,-19480.0
1.0,508,0.11,0.0,-19490.0
1.0,509,0.11,0.0,-19480.0
1.0,510,0.11,0.0,-19480.0
1.0,511,0.11,0.0,-19490.0
1.0,512,0.11,0.0,-19490.0
1.0,513,0.11,0.0,-19480.0
1.0,514,0.11,0.0,-19480.0
1.0,515,0.11,0.0,-19490.0
1.0,516,0.11,0.0,-19480.0
1.0,517,0.11,0.0,-19480.0
1.0,518,0.11,0.0,-19490.0
1.0,519,0.11,0.0,-19590.0
1.0,520,0.105,0.0,-19580.0
1.0,521,0.105,0.0,-19570.0
1.0,522,0.105,0.0,-19580.0
1.0,523,0.105,0.0,-19580.0
1.0,524,0.105,0.0,-19580.0
1.0,525,0.105,0.0,-19570.0
1.0,526,0.105,0.0,-19580.0
1.0,527,0.105,0.0,-19570.0
1.0,528,0.105,0.0,-19570.0
1.0,529,0.105,0.0,-19570.0
1.0,530,0.105,0.0,-19580.0
1.0,531,0.105,0.0,-19570.0
1.0,532,0.105,0.0,-19570.0
1.0,533,0.105,0.0,-19580.0
1.0,534,0.105,0.0,-19570.0
1.0,535,0.105,0.0,-19570.0
1.0,536,0.105,0.0,-19590.0
1.0,537,0.105,0.0,-19580.0
1.0,538,0.105,0.0,-19590.0
1.0,539,0.105,0.0,-19580.0
1.0,540,0.105,0.0,-19580.0
1.0,541,0.105,0.0,-19580.0
1.0,542,0.105,0.0,-19570.0
1.0,543,0.105,0.0,-19580.0
1.0,544,0.105,0.0,-19580.0
1.0,545,0.105,0.0,-19580.0
1.0,546,0.105,0.0,-19580.0
1.0,547,0.105,0.0,-19580.0
1.0,548,0.105,0.0,-19570.0
1.0,549,0.105,0.0,-19570.0
1.0,550,0.105,0.0,-19570.0
1.0,551,0.105,0.0,-19570.0
1.0,552,0.105,0.0,-19580.0
1.0,553,0.105,0.0,-19580.0
1.0,554,0.105,0.0,-19570.0
1.0,555,0.105,0.0,-19570.0
1.0,556,0.105,0.0,-19560.0
1.0,557,0.105,0.0,-19580.0
1.0,558,0.105,0.0,-19560.0
1.0,559,0.105,0.0,-19560.0
1.0,560,0.105,0.0,-19560.0
1.0,561,0.105,0.0,-19570.0
1.0,562,0.105,0.0,-19570.0
1.0,563,0.105,0.0,-19570.0
1.0,564,0.105,0.0,-19580.0
1.0,565,0.105,0.0,-19580.0
1.0,566,0.105,0.0,-19580.0
1.0,567,0.105,0.0,-19590.0
1.0,568,0.105,0.0,-19580.0
1.0,569,0.1,0.0,-19580.0
1.0,570,0.1,0.0,-19570.0
1.0,571,0.1,0.0,-19580.0
1.0,572,0.1,0.0,-19580.0
1.0,573,0.1,0.0,-19570.0
1.0,574,0.1,0.0,-19560.0
1.0,575,0.1,0.0,-19560.0
1.0,576,0.1,0.0,-19560.0
1.0,577,0.1,0.0,-19560.0
1.0,578,0.1,0.0,-19560.0
1.0,579,0.1,0.0,-19560.0
1.0,580,0.1,0.0,-19570.0
1.0,581,0.1,0.0,-19580.0
1.0,582,0.1,0.0,-19570.0
1.0,583,0.1,0.0,-19560.0
1.0,584,0.1,0.0,-19560.0
1.0,585,0.1,0.0,-19560.0
1.0,586,0.1,0.0,-19570.0
1.0,587,0.1,0.0,-19580.0
1.0,588,0.1,0.0,-19570.0
1.0,589,0.1,0.0,-19570.0
1.0,590,0.1,0.0,-19570.0
1.0,591,0.1,0.0,-19570.0
1.0,592,0.1,0.0,-19590.0
1.0,593,0.1,0.0,-19580.0
1.0,594,0.1,0.0,-19590.0
1.0,595,0.1,0.0,-19580.0
1.0,596,0.1,0.0,-19580.0
1.0,597,0.1,0.0,-19590.0
1.0,598,0.1,0.0,-19590.0
1.0,599,0.1,0.0,-19590.0
1.0,600,0.1,0.0,-19590.0
1.0,601,0.1,0.0,-19580.0
1.0,602,0.1,0.0,-19580.0
1.0,603,0.1,0.0,-19580.0
1.0,604,0.1,0.0,-19580.0
1.0,605,0.1,0.0,-19590.0
1.0,606,0.1,0.0,-19580.0
1.0,607,0.1,0.0,-19580.0
1.0,608,0.1,0.0,-19580.0
1.0,609,0.1,0.0,-19580.0
1.0,610,0.1,0.0,-19590.0
1.0,611,0.1,0.0,-19580.0
1.0,612,0.1,0.0,-19570.0
1.0,613,0.095,0.0,-19580.0
1.0,614,0.095,0.0,-19580.0
1.0,615,0.095,0.0,-19570.0
1.0,616,0.095,0.0,-19570.0
1.0,617,0.095,0.0,-19570.0
1.0,618,0.095,0.0,-19580.0
1.0,619,0.095,0.0,-19580.0
1.0,620,0.095,0.0,-19570.0
1.0,621,0.095,0.0,-19590.0
1.0,622,0.095,0.0,-19580.0
1.0,623,0.095,0.0,-19580.0
1.0,624,0.095,0.0,-19580.0
1.0,625,0.095,0.0,-19570.0
1.0,626,0.095,0.0,-19570.0
1.0,627,0.095,0.0,-19570.0
1.0,628,0.095,0.0,-19570.0
1.0,629,0.095,0.0,-19570.0
1.0,630,0.095,0.0,-19570.0
1.0,631,0.095,0.0,-19560.0
1.0,632,0.095,0.0,-19560.0
1.0,633,0.095,0.0,-19570.0
1.0,634,0.095,0.0,-19570.0
1.0,635,0.095,0.0,-19590.0
1.0,636,0.095,0.0,-19580.0
1.0,637,0.095,0.0,-19590.0
1.0,638,0.095,0.0,-19580.0
1.0,639,0.095,0.0,-19580.0
1.0,640,0.095,0.0,-19580.0
1.0,641,0.095,0.0,-19580.0
1.0,642,0.095,0.0,-19580.0
1.0,643,0.095,0.0,-19580.0
1.0,644,0.095,0.0,-19580.0
1.0,645,0.095,0.0,-19580.0
1.0,646,0.095,0.0,-19580.0
1.0,647,0.095,0.0,-19580.0
1.0,648,0.095,0.0,-19580.0
1.0,649,0.095,0.0,-19590.0
1.0,650,0.095,0.0,-19590.0
1.0,651,0.095,0.0,-19580.0
1.0,652,0.095,0.0,-19580.0
1.0,653,0.095,0.0,-19590.0
1.0,654,0.095,0.0,-19580.0
1.0,655,0.095,0.0,-19580.0
1.0,656,0.095,0.0,-19580.0
1.0,657,0.095,0.0,-19580.0
1.0,658,0.095,0.0,-19570.0
1.0,659,0.095,0.0,-19580.0
1.0,660,0.09,0.0,-19590.0
1.0,661,0.09,0.0,-19590.0
1.0,662,0.09,0.0,-19580.0
1.0,663,0.09,0.0,-19590.0
1.0,664,0.09,0.0,-19580.0
1.0,665,0.09,0.0,-19590.0
1.0,666,0.09,0.0,-19590.0
1.0,667,0.09,0.0,-19580.0
1.0,668,0.09,0.0,-19580.0
1.0,669,0.09,0.0,-19580.0
1.0,670,0.09,0.0,-19570.0
1.0,671,0.09,0.0,-19570.0
1.0,672,0.09,0.0,-19580.0
1.0,673,0.09,0.0,-19580.0
1.0,674,0.09,0.0,-19580.0
1.0,675,0.09,0.0,-19570.0
1.0,676,0.09,0.0,-19570.0
1.0,677,0.09,0.0,-19570.0
1.0,678,0.09,0.0,-19580.0
1.0,679,0.09,0.0,-19580.0
1.0,680,0.09,0.0,-19590.0
1.0,681,0.09,0.0,-19590.0
1.0,682,0.09,0.0,-19590.0
1.0,683,0.09,0.0,-19590.0
1.0,684,0.09,0.0,-19590.0
1.0,685,0.09,0.0,-19590.0
1.0,686,0.09,0.0,-19590.0
1.0,687,0.09,0.0,-19590.0
1.0,688,0.09,0.0,-19590.0
1.0,689,0.09,0.0,-19590.0
1.0,690,0.09,0.0,-19590.0
1.0,691,0.09,0.0,-19600.0
1.0,692,0.09,0.0,-19590.0
1.0,693,0.09,0.0,-19590.0
1.0,694,0.09,0.0,-19590.0
1.0,695,0.09,0.0,-19590.0
1.0,696,0.09,0.0,-19580.0
1.0,697,0.09,0.0,-19580.0
1.0,698,0.09,0.0,-19580.0
1.0,699,0.09,0.0,-19570.0
1.0,700,0.09,0.0,-19570.0
1.0,701,0.09,0.0,-19580.0
1.0,702,0.09,0.0,-19580.0
1.0,703,0.09,0.0,-19570.0
1.0,704,0.09,0.0,-19580.0
1.0,705,0.09,0.0,-19580.0
1.0,706,0.09,0.0,-19580.0
1.0,707,0.09,0.0,-19570.0
1.0,708,0.09,0.0,-19580.0
1.0,709,0.09,0.0,-19570.0
1.0,710,0.09,0.0,-19570.0
1.0,711,0.09,0.0,-19570.0
1.0,712,0.09,0.0,-19570.0
1.0,713,0.09,0.0,-19570.0
1.0,714,0.09,0.0,-19560.0
1.0,715,0.09,0.0,-19560.0
1.0,716,0.09,0.0,-19560.0
1.0,717,0.09,0.0,-19560.0
1.0,718,0.09,0.0,-19560.0
1.0,719,0.09,0.0,-19560.0
1.0,720,0.09,0.0,-19560.0
1.0,721,0.09,0.0,-19560.0
1.0,722,0.09,0.0,-19560.0
1.0,723,0.09,0.0,-19560.0
1.0,724,0.09,0.0,-19560.0
1.0,725,0.09,0.0,-19560.0
1.0,726,0.09,0.0,-19560.0
1.0,727,0.09,0.0,-19560.0
1.0,728,0.09,0.0,-19560.0
1.0,729,0.09,0.0,-19560.0
1.0,730,0.09,0.0,-19560.0
1.0,731,0.09,0.0,-19560.0
1.0,732,0.09,0.0,-19560.0
1.0,733,0.09,0.0,-19560.0
1.0,734,0.09,0.0,-19560.0
1.0,735,0.09,0.0,-19560.0
1.0,736,0.09,0.0,-19560.0
1.0,737,0.09,0.0,-19560.0
1.0,738,0.09,0.0,-19560.0
1.0,739,0.09,0.0,-19570.0
1.0,740,0.09,0.0,-19570.0
1.0,741,0.09,0.0,-19570.0
1.0,742,0.09,0.0,-19570.0
1.0,743,0.09,0.0,-19570.0
1.0,744,0.09,0.0,-19570.0
1.0,745,0.09,0.0,-19560.0
1.0,746,0.085,0.0,-19560.0
1.0,747,0.085,0.0,-19560.0
1.0,748,0.085,0.0,-19560.0
1.0,749,0.085,0.0,-19570.0
1.0,750,0.085,0.0,-19570.0
1.0,751,0.085,0.0,-19570.0
1.0,752,0.085,0.0,-19560.0
1.0,753,0.085,0.0,-19560.0
1.0,754,0.085,0.0,-19560.0
1.0,755,0.085,0.0,-19560.0
1.0,756,0.085,0.0,-19560.0
1.0,757,0.085,0.0,-19560.0
1.0,758,0.085,0.0,-19560.0
1.0,759,0.085,0.0,-19560.0
1.0,760,0.085,0.0,-19560.0
1.0,761,0.085,0.0,-19560.0
1.0,762,0.085,0.0,-19570.0
1.0,763,0.085,0.0,-19570.0
1.0,764,0.085,0.0,-19570.0
1.0,765,0.085,0.0,-19570.0
1.0,766,0.085,0.0,-19570.0
1.0,767,0.085,0.0,-19580.0
1.0,768,0.085,0.0,-19570.0
1.0,769,0.085,0.0,-19570.0
1.0,770,0.085,0.0,-19570.0
1.0,771,0.085,0.0,-19570.0
1.0,772,0.085,0.0,-19570.0
1.0,773,0.085,0.0,-19570.0
1.0,774,0.085,0.0,-19580.0
1.0,775,0.085,0.0,-19580.0
1.0,776,0.085,0.0,-19580.0
1.0,777,0.085,0.0,-19580.0
1.0,778,0.085,0.0,-19570.0
1.0,779,0.085,0.0,-19580.0
1.0,780,0.085,0.0,-19580.0
1.0,781,0.085,0.0,-19580.0
1.0,782,0.085,0.0,-19570.0
1.0,783,0.085,0.0,-19570.0
1.0,784,0.085,0.0,-19590.0
1.0,785,0.085,0.0,-19590.0
1.0,786,0.085,0.0,-19580.0
1.0,787,0.085,0.0,-19580.0
1.0,788,0.085,0.0,-19570.0
1.0,789,0.085,0.0,-19580.0
1.0,790,0.085,0.0,-19580.0
1.0,791,0.085,0.0,-19580.0
1.0,792,0.085,0.0,-19580.0
1.0,793,0.085,0.0,-19580.0
1.0,794,0.085,0.0,-19570.0
1.0,795,0.085,0.0,-19570.0
1.0,796,0.085,0.0,-19580.0
1.0,797,0.085,0.0,-19570.0
1.0,798,0.085,0.0,-19570.0
1.0,799,0.085,0.0,-19570.0
1.0,800,0.085,0.0,-19560.0
1.0,801,0.085,0.0,-19560.0
1.0,802,0.085,0.0,-19570.0
1.0,803,0.085,0.0,-19580.0
1.0,804,0.085,0.0,-19570.0
1.0,805,0.085,0.0,-19570.0
1.0,806,0.085,0.0,-19570.0
1.0,807,0.085,0.0,-19570.0
1.0,808,0.085,0.0,-19570.0
1.0,809,0.085,0.0,-19580.0
1.0,810,0.085,0.0,-19580.0
1.0,811,0.085,0.0,-19580.0
1.0,812,0.085,0.0,-19580.0
1.0,813,0.085,0.0,-19590.0
1.0,814,0.085,0.0,-19580.0
1.0,815,0.085,0.0,-19580.0
1.0,816,0.085,0.0,-19580.0
1.0,817,0.085,0.0,-19580.0
1.0,818,0.085,0.0,-19570.0
1.0,819,0.085,0.0,-19580.0
1.0,820,0.085,0.0,-19580.0
1.0,821,0.085,0.0,-19570.0
1.0,822,0.085,0.0,-19580.0
1.0,823,0.085,0.0,-19590.0
1.0,824,0.085,0.0,-19580.0
1.0,825,0.085,0.0,-19570.0
1.0,826,0.085,0.0,-19570.0
1.0,827,0.085,0.0,-19570.0
1.0,828,0.085,0.0,-19570.0
1.0,829,0.085,0.0,-19580.0
1.0,830,0.085,0.0,-19580.0
1.0,831,0.085,0.0,-19580.0
1.0,832,0.085,0.0,-19590.0
1.0,833,0.085,0.0,-19580.0
1.0,834,0.085,0.0,-19580.0
1.0,835,0.085,0.0,-19580.0
1.0,836,0.085,0.0,-19580.0
1.0,837,0.085,0.0,-19590.0
1.0,838,0.085,0.0,-19590.0
1.0,839,0.085,0.0,-19590.0
1.0,840,0.085,0.0,-19590.0
1.0,841,0.085,0.0,-19580.0
1.0,842,0.085,0.0,-19580.0
1.0,843,0.085,0.0,-19580.0
1.0,844,0.085,0.0,-19580.0
1.0,845,0.085,0.0,-19570.0
1.0,846,0.085,0.0,-19570.0
1.0,847,0.085,0.0,-19570.0
1.0,848,0.085,0.0,-19570.0
1.0,849,0.085,0.0,-19590.0
1.0,850,0.085,0.0,-19590.0
1.0,851,0.085,0.0,-19590.0
1.0,852,0.085,0.0,-19580.0
1.0,853,0.085,0.0,-19580.0
1.0,854,0.085,0.0,-19580.0
1.0,855,0.085,0.0,-19590.0
1.0,856,0.085,0.0,-19590.0
1.0,857,0.085,0.0,-19580.0
1.0,858,0.085,0.0,-19590.0
1.0,859,0.085,0.0,-19580.0
1.0,860,0.085,0.0,-19580.0
1.0,861,0.085,0.0,-19580.0
1.0,862,0.085,0.0,-19570.0
1.0,863,0.085,0.0,-19570.0
1.0,864,0.085,0.0,-19580.0
1.0,865,0.085,0.0,-19580.0
1.0,866,0.085,0.0,-19570.0
1.0,867,0.085,0.0,-19590.0
1.0,868,0.085,0.0,-19590.0
1.0,869,0.085,0.0,-19590.0
1.0,870,0.085,0.0,-19590.0
1.0,871,0.085,0.0,-19590.0
1.0,872,0.085,0.0,-19580.0
1.0,873,0.085,0.0,-19590.0
1.0,874,0.085,0.0,-19580.0
1.0,875,0.085,0.0,-19580.0
1.0,876,0.085,0.0,-19570.0
1.0,877,0.085,0.0,-19560.0
1.0,878,0.085,0.0,-19560.0
1.0,879,0.085,0.0,-19560.0
1.0,880,0.085,0.0,-19560.0
1.0,881,0.085,0.0,-19570.0
1.0,882,0.085,0.0,-19560.0
1.0,883,0.085,0.0,-19570.0
1.0,884,0.085,0.0,-19570.0
1.0,885,0.085,0.0,-19570.0
1.0,886,0.085,0.0,-19560.0
1.0,887,0.085,0.0,-19560.0
1.0,888,0.085,0.0,-19560.0
1.0,889,0.085,0.0,-19570.0
1.0,890,0.085,0.0,-19570.0
1.0,891,0.085,0.0,-19570.0
1.0,892,0.085,0.0,-19570.0
1.0,893,0.085,0.0,-19560.0
1.0,894,0.085,0.0,-19580.0
1.0,895,0.085,0.0,-19580.0
1.0,896,0.085,0.0,-19560.0
1.0,897,0.085,0.0,-19560.0
1.0,898,0.085,0.0,-19560.0
1.0,899,0.085,0.0,-19560.0
1.0,900,0.085,0.0,-19560.0
1.0,901,0.085,0.0,-19560.0
1.0,902,0.085,0.0,-19570.0
1.0,903,0.085,0.0,-19560.0
1.0,904,0.085,0.0,-19570.0
1.0,905,0.085,0.0,-19560.0
1.0,906,0.085,0.0,-19560.0
1.0,907,0.085,0.0,-19570.0
1.0,908,0.085,0.0,-19570.0
1.0,909,0.085,0.0,-19570.0
1.0,910,0.085,0.0,-19570.0
1.0,911,0.085,0.0,-19580.0
1.0,912,0.085,0.0,-19580.0
1.0,913,0.085,0.0,-19580.0
1.0,914,0.085,0.0,-19560.0
1.0,915,0.085,0.0,-19580.0
1.0,916,0.085,0.0,-19580.0
1.0,917,0.085,0.0,-19570.0
1.0,918,0.085,0.0,-19570.0
1.0,919,0.085,0.0,-19580.0
1.0,920,0.085,0.0,-19580.0
1.0,921,0.085,0.0,-19580.0
1.0,922,0.085,0.0,-19570.0
1.0,923,0.085,0.0,-19590.0
1.0,924,0.085,0.0,-19590.0
1.0,925,0.085,0.0,-19590.0
1.0,926,0.085,0.0,-19590.0
1.0,927,0.085,0.0,-19590.0
1.0,928,0.085,0.0,-19590.0
1.0,929,0.085,0.0,-19580.0
1.0,930,0.085,0.0,-19580.0
1.0,931,0.085,0.0,-19580.0
1.0,932,0.085,0.0,-19570.0
1.0,933,0.085,0.0,-19570.0
1.0,934,0.085,0.0,-19570.0
1.0,935,0.085,0.0,-19570.0
1.0,936,0.085,0.0,-19580.0
1.0,937,0.085,0.0,-19580.0
1.0,938,0.085,0.0,-19580.0
1.0,939,0.085,0.0,-19580.0
1.0,940,0.085,0.0,-19570.0
1.0,941,0.085,0.0,-19570.0
1.0,942,0.085,0.0,-19570.0
1.0,943,0.085,0.0,-19580.0
1.0,944,0.085,0.0,-19580.0
1.0,945,0.085,0.0,-19580.0
1.0,946,0.085,0.0,-19570.0
1.0,947,0.085,0.0,-19580.0
1.0,948,0.085,0.0,-19580.0
1.0,949,0.085,0.0,-19580.0
1.0,950,0.085,0.0,-19580.0
1.0,951,0.085,0.0,-19580.0
1.0,952,0.085,0.0,-19570.0
1.0,953,0.085,0.0,-19570.0
1.0,954,0.085,0.0,-19570.0
1.0,955,0.085,0.0,-19570.0
1.0,956,0.085,0.0,-19570.0
1.0,957,0.085,0.0,-19570.0
1.0,958,0.085,0.0,-19570.0
1.0,959,0.08,0.0,-19690.0
1.0,960,0.08,0.0,-19690.0
1.0,961,0.08,0.0,-19690.0
1.0,962,0.08,0.0,-19690.0
1.0,963,0.08,0.0,-19690.0
1.0,964,0.08,0.0,-19690.0
1.0,965,0.08,0.0,-19690.0
1.0,966,0.08,0.0,-19690.0
1.0,967,0.08,0.0,-19690.0
1.0,968,0.08,0.0,-19690.0
1.0,969,0.08,0.0,-19690.0
1.0,970,0.08,0.0,-19700.0
1.0,971,0.08,0.0,-19700.0
1.0,972,0.08,0.0,-19700.0
1.0,973,0.08,0.0,-19690.0
1.0,974,0.075,0.0,-19690.0
1.0,975,0.075,0.0,-19690.0
1.0,976,0.075,0.0,-19690.0
1.0,977,0.075,0.0,-19690.0
1.0,978,0.075,0.0,-19680.0
1.0,979,0.075,0.0,-19700.0
1.0,980,0.075,0.0,-19690.0
1.0,981,0.075,0.0,-19690.0
1.0,982,0.075,0.0,-19700.0
1.0,983,0.075,0.0,-19700.0
1.0,984,0.075,0.0,-19700.0
1.0,985,0.075,0.0,-19700.0
1.0,986,0.075,0.0,-19700.0
1.0,987,0.075,0.0,-19700.0
1.0,988,0.075,0.0,-19700.0
1.0,989,0.075,0.0,-19700.0
1.0,990,0.075,0.0,-19690.0
1.0,991,0.075,0.0,-19690.0
1.0,992,0.075,0.0,-19690.0
1.0,993,0.075,0.0,-19690.0
1.0,994,0.075,0.0,-19690.0
1.0,995,0.075,0.0,-19690.0
1.0,996,0.075,0.0,-19690.0
1.0,997,0.075,0.0,-19690.0
1.0,998,0.075,0.0,-19690.0
1.0,999,0.075,0.0,-19690.0
